[u'whhr40wAAAAJ', 'Carnegie Institution']
[u'qzi1OWMAAAAJ', 'Universit Lyon 1']
[u'6ll9rWcAAAAJ', 'University of Copenhagen']
[u'6t0ivcUAAAAJ', 'University of Granada']
[u'QRztYC8AAAAJ', 'Leiden University']
[u'vfVifAsAAAAJ', 'Ghent University']
[u'JMeto70AAAAJ', 'Lund University']
[u'ctvKSMkAAAAJ', 'Senckenberg Forschungsinstitut und Naturmuseum']
[u'7ru_JygAAAAJ', 'Institute of Geography']
[u'teEIvDIAAAAJ', 'University of the Ryukyus']
[u'nBIL9OMAAAAJ', 'Alfred Wegener Institute for Polar and Marine Research']
[u'LC9zeH0AAAAJ', 'Monash University']
[u'qsj9puwAAAAJ', 'Deakin University']
[u'kXVhEGEAAAAJ', 'Wageningen University']
[u'dbfeR3YAAAAJ', 'Monash University']
[u'y4t812sAAAAJ', 'The University of Melbourne']
[u'L8mloIcAAAAJ', 'University of Bordeaux']
[u'3fthAoEAAAAJ', 'Universit de Lige']
[u'S5BKYGkAAAAJ', 'Swedish University of Agricultural Sciences']
[u'zvcobIsAAAAJ', 'Murdoch University']
[u'H6i6i7QAAAAJ', 'Institute of Research Science and Technology for Environment and Agriculture']
[u'LLJIuUoAAAAJ', 'University of Salento']
[u'WC4nhacAAAAJ', 'Leibniz Institute of Ecological Urban and Regional Development']
[u'SfTK73IAAAAJ', 'University of vora']
[u'd1xA9mEAAAAJ', 'Flemish Institute for Technological Research']
[u'wjLB0cMAAAAJ', 'University of Parma']
[u'6ZclK-sAAAAJ', 'Leuphana University Lueneburg']
[u'i_tNnJ0AAAAJ', 'International Water Management Institute']
[u'7FJfUN8AAAAJ', 'The University of Auckland']
[u'H1QNP7rdrUEC', 'USDA Forest Service- Institute of Pacific Islands Forestry']
[u'VWoWJYwAAAAJ', 'Australian National University; Institute of Ecology and Biodiversity']
[u'F6ZrAIQAAAAJ', 'The Australian National University']
[u'NLrsbcAAAAAJ', 'Torino University']
[u'21mYgk4AAAAJ', 'Keimyung University']
[u'e42F2cQAAAAJ', 'University of Vienna']
[u'z4EWatoAAAAJ', 'Memorial University of Newfoundland']
[u'8rfEez4AAAAJ', 'St-Lawrence Center']
[u'vCnj8hQAAAAJ', 'University of Melbourne']
[u'byVkDcMAAAAJ', 'University of the Philippines Open University']
[u'W9gDklIAAAAJ', 'Forestry and Forest Products Research Institute']
[u'VQIwZIUAAAAJ', 'Taif University']
[u'5E0H4J8AAAAJ', 'University of Pretoria']
[u'Etv2WgIAAAAJ', 'Iwate University']
[u'scj1vZ4AAAAJ', 'University of Edinburgh']
[u'qo1nSMUAAAAJ', 'Technical University of Madrid (UPM)']
[u'EA_lB7sAAAAJ', 'Banaras Hindu University']
[u'sDh4uTYAAAAJ', 'Griffith University']
[u'CfB25zkAAAAJ', 'National Institute for Environmental Studies']
[u'wK1loZAAAAAJ', 'Etvs University']
[u'erToTmoAAAAJ', 'University of London']
[u'5V7lrHYAAAAJ', 'University of Malaga']
[u'3cngHSsAAAAJ', 'Universiade de vigo']
[u'-x0D_6oAAAAJ', 'B.Z. University']
[u'TFRp4PoAAAAJ', 'University of Siena']
[u'bWmpSpoAAAAJ', 'University of Southampton']
[u'nXgc1qAAAAAJ', 'Max Planck Institute of Cell Biology and Genetics']
[u'5uSYhLQAAAAJ', 'Leibniz-Institute of Freshwater Ecology and Inland Fisheries']
[u'F-3QqvsAAAAJ', 'University of Potsdam']
[u'Do5WhvYAAAAJ', 'Moffitt Cancer Center']
[u'0G_GekcAAAAJ', 'University of Aes']
[u'tOE5Oh0AAAAJ', 'Sokoine University of Agriculture']
[u'NPl4S80AAAAJ', 'University of Cambridge']
[u'T_5V1RMAAAAJ', 'CQUniversity']
[u'oYDWGmYAAAAJ', 'Stellenbosch University']
[u'Vmo7Sl8AAAAJ', 'Postdoctoral Research Fellow at Universit Paris-Sud XI']
[u'h2Z7zVwAAAAJ', 'Wageningen University']
[u'4mwFUXwAAAAJ', "universita' di padova"]
[u'YBQQcMsAAAAJ', 'Uppsala University']
[u'dimE9OQAAAAJ', 'Research Institute for Nature and Forest']
[u'bLCDtnAAAAAJ', 'Federal University of Alagoas']
[u'bTpxqJgAAAAJ', "MES' Abasaheb Garware College"]
[u'i7AAZWsAAAAJ', 'Aarhus University']
[u'v8V058QAAAAJ', 'University of Cambridge']
[u'HzupDnMAAAAJ', 'Australian National University']
[u'-iKYFKkAAAAJ', 'York University']
[u'E0sB7fUAAAAJ', 'Trinity College Dublin']
[u'qjrjBnMAAAAJ', 'Kazimierz Wielki University in Bydgoszcz']
[u'u7bZ9owAAAAJ', 'University of British Columbia']
[u'ldNXZukAAAAJ', 'Stockholm University']
[u'qPhpGZoAAAAJ', 'Univ. Bordeaux - UMR Biogeco']
[u'ZTHigyoAAAAJ', 'University of Aveiro']
[u'6DHTPb0AAAAJ', 'University of Debrecen']
[u'-nULu7oAAAAJ', 'USGS Alaska Science Center']
[u'9bB2ZRQAAAAJ', 'University of Gttingen']
[u'9AIIt6oAAAAJ', 'Queensland University of Technology']
[u's6dyNn4AAAAJ', 'Rhodes University']
[u'u7KGlXwAAAAJ', 'University of Bern (Institute of Ecology and Evolution)']
[u'puMFH_UAAAAJ', 'Universit della Calabria']
[u'UUmfZWsAAAAJ', 'University of Southern Queensland']
[u'fv2ZK5kAAAAJ', 'University of Amsterdam']
[u'f8VfB00AAAAJ', 'Smithsonian Institution']
[u'AxGPCwoAAAAJ', 'Guru Nanak Dev University']
[u'dvfnlAsAAAAJ', 'Tottori University of Environmental Studies']
[u'WF2hBKMAAAAJ', 'Chief of Atmospheric Physics Department of M. Nodia Institute of Geophysics of TSU']
[u'L5iWzxwAAAAJ', "Pachaiyappa's College"]
[u'QfKgQoYAAAAJ', 'University of Groningen']
[u'X0TG5VcAAAAJ', 'University of York']
[u'-NjjXUYAAAAJ', 'University of Adelaide']
[u'j0z9gGcAAAAJ', 'University of Debrecen']
[u'Za37buQAAAAJ', 'Assistant Professor. Ilia State University. Institute of Zoology']
[u'pTdxVdIAAAAJ', 'Edward Grey Institute']
[u'0FEptuMAAAAJ', 'Lund University']
[u'uxL3XqQAAAAJ', 'Complutense University of Madrid']
[u'1GAyqKkAAAAJ', 'University of Oxford (retired)']
[u'hDRCDJwAAAAJ', 'University of Oldenburg']
[u'MjKjmr0AAAAJ', 'Informatics Institute']
[u'UhVYwsAAAAAJ', 'postdoc Nederlands Instituut voor Ecologie - NIOO-KNAW']
[u'dpeV7AgAAAAJ', 'University of Johannesburg']
[u'W9tM-KoAAAAJ', 'Azim Premji University']
[u'H0oiHTAAAAAJ', 'University of Jyvskyl']
[u'xx8D9lAAAAAJ', 'Yantai Institute of Coastal Zone Research']
[u'6FQ1NjQAAAAJ', 'Gttingen University']
[u'vvpkTXsAAAAJ', 'New England Complex Systems Institute / Brandeis University']
[u'JQJ_kz8AAAAJ', 'Durrell Institute of Conservation and Ecology']
[u'jgDk4akAAAAJ', 'Liverpool University']
[u'uy1NEAYAAAAJ', 'Post-doctoral fellow @ University of Nantes']
[u'hWUF2PcAAAAJ', 'School of Biological and Conservation Sciences University of KwaZulu-Natal']
[u'4IAXZDEAAAAJ', 'Lecturer@University of Lincoln']
[u'FJ6XYA4AAAAJ', 'Genoa University']
[u'vmiDfiQAAAAJ', 'Federal University of Gois (UFG)']
[u'Ysqcx3oAAAAJ', 'Associated Professor Fluminense Federal University']
[u'y4uTyvsAAAAJ', 'University of Turku']
[u'D5ervmgAAAAJ', 'University of East Anglia']
[u'qxtYB_AAAAAJ', 'Macquarie University']
[u'RVJ7RZgAAAAJ', 'Anand Agricultural University']
[u'WW5HRscAAAAJ', 'Forest Research Institute Malaysia']
[u'CM5_HzIAAAAJ', 'Stockholm university']
[u'hZ8sSiIAAAAJ', 'Netherlands Institute for Public Health and Environment']
[u'_ZeY1XQAAAAJ', 'The University of Sheffield']
[u'eHw7qZ4AAAAJ', 'McGill University']
[u'vfRATm8AAAAJ', 'University of Warsaw']
[u'CFd_n-4AAAAJ', "University of Rome 'Tor Vergata'"]
[u'9KwiNO8AAAAJ', 'University of Lille']
[u'7FRtup0AAAAJ', 'National Evolutionary Synthesis Center']
[u'IpOMPXoAAAAJ', 'University Ovidius Constanta']
[u'IpOMPXoAAAAJ', 'University Ovidius Constanta']
[u'Lc_k6DDhVtkC', 'University of York']
[u'U1Dd6VUAAAAJ', 'University of York']
[u'lxdDl9AAAAAJ', 'Galway-Mayo Institute of Technology']
[u'HdlAP-0AAAAJ', 'University of Stirling']
[u'IuQnBxgAAAAJ', 'University of Malaya']
[u'2LsErxQAAAAJ', 'University of Aveiro']
[u'tYAS62EAAAAJ', 'Griffith University']
[u'V67ohP0AAAAJ', 'McGill University']
[u'BPg3gx4AAAAJ', 'University Of Azad Jammu and Kashmir Muzaffarabad']
[u'YTtXLzYAAAAJ', 'ISPRA Institute for Environmental Protection and Research']
[u'oUB1pJAAAAAJ', 'James Cook University']
[u'L0lS_nIAAAAJ', 'Durham University']
[u'-GGmICIAAAAJ', 'National University of Singapore']
[u'ADqqbWwAAAAJ', 'Bird Studies Canada / University of Guelph']
[u'EVV-i28AAAAJ', 'Swedish University of Agricultural Sciences']
[u'pMEc-oMAAAAJ', 'Memorial University']
[u'uS6ggs0AAAAJ', 'Southern Cross University']
[u'EbTRHQYAAAAJ', 'Institute of Ecology']
[u'pTy-CwcAAAAJ', 'University of KwaZulu-Natal']
[u'w4DzBJgAAAAJ', 'University of Newcastle']
[u'6H4kl74AAAAJ', 'Univ Western Australia']
[u'vJycHGkAAAAJ', 'University of Debrecen']
[u'RLjR0TUAAAAJ', 'North-Eastern Hill University']
[u'RIuREhAAAAAJ', 'The University of Sydney']
[u'pI9icWEAAAAJ', 'University of Konstanz']
[u'RrXEfMkAAAAJ', 'research assistant in Institute of fish resources - Varna']
[u'meHuzu0AAAAJ', 'University of vora']
[u'GZI92JIAAAAJ', 'Max Planck Institute of Molecular Plant Physiology']
[u'm4QpSaAAAAAJ', 'University of British Columbia']
[u'4YZF12kAAAAJ', 'Wageningen University']
[u'JCXJ5JIAAAAJ', 'Lecturer at Institute of Tropical Aquaculture']
[u'XIvGTpIAAAAJ', 'Institute of Social']
[u'-at-_dcAAAAJ', 'University of Pretoria']
[u'qmL0H9gAAAAJ', 'Ghent University']
[u'pR-GL-AAAAAJ', 'Institute of Continuing Education']
[u'oprxP30AAAAJ', 'Institute of Applied Ecology']
[u'OeEwpLUAAAAJ', 'Federal University of Bahia']
[u'V17ehcsAAAAJ', 'University of Melbourne']
[u'UEJhT84AAAAJ', 'Leiden University']
[u'90gxLEYAAAAJ', 'University of Wrzburg']
[u'IEdXznkAAAAJ', 'University Center of Caratinga']
[u'fEihzaEAAAAJ', 'Universit Lyon 1']
[u'7B4WOIQAAAAJ', 'IUPUI University Library']
[u'SZdhFxMAAAAJ', 'University of Alberta']
[u'67pDeJ4AAAAJ', 'University of Jyvaskyla']
[u'epujbdoAAAAJ', 'Institute of Zoology']
[u'4IETlnEAAAAJ', 'Institut de recherche pour le Dveloppement (IRD)']
[u'ES7KIt8AAAAJ', 'Dali University']
[u'Syro5DUAAAAJ', 'Professor of Zoology and Marine Biology - Universit del Salento']
[u'6lB0CjwAAAAJ', 'University of Melbourne']
[u'mF4l2Z0AAAAJ', 'University of Sussex']
[u'UEtD9nQAAAAJ', 'University of Granada (Spain)']
[u'iH_jK5oAAAAJ', 'university of rennes1']
[u'dXFV3QUAAAAJ', 'Public Works Research Institute']
[u'sW-_n_0AAAAJ', 'University of Leeds']
[u'Y-YyZ-4AAAAJ', 'French National Center for Scientific Research (CNRS)']
[u'JuAIkOoAAAAJ', 'Swansea University']
[u'vMc3UzkAAAAJ', 'Toho University']
[u'26tnVuUAAAAJ', 'University of Bristol']
[u'0957HPYAAAAJ', 'International Crane Foundation; Oregon State University']
[u'sMjGFugAAAAJ', 'The University of Burdwan']
[u'sMjGFugAAAAJ', 'The University of Burdwan']
[u'SBOUXhYAAAAJ', 'Professor at the Norwegian Polar Institute']
[u'iv-j8TcAAAAJ', 'Postdoctor at Nankai University']
[u'g_m1R7IAAAAJ', 'University of Queensland']
[u'pU7MMEoAAAAJ', 'WWF-Cambodia & University of Melbourne']
[u'LrHhfdcAAAAJ', 'University of Abomey-Calavi']
[u'V8uuaYIAAAAJ', 'Radboud University Nijmegen aquatic animal biology & ecology / research associate Naturalis']
[u'Oy7Ss7AAAAAJ', 'Assistant professor - Dept. TeSAF - University of Padova']
[u'S2xhCugAAAAJ', 'University of Cagliari']
[u'HC4fc4gAAAAJ', 'Institute of Ecology']
[u'qUjf6-gAAAAJ', 'The University of Sydney']
[u'9BEjuQoAAAAJ', 'Banaras Hindu University']
[u'1EIGDgUAAAAJ', 'Macquarie University']
[u'K39ONNYAAAAJ', 'University of So Paulo']
[u'i8Gy7uYAAAAJ', 'Institute of Ecology']
[u'Gz3BDSQAAAAJ', 'Sinop University']
[u'6dFGuqIAAAAJ', 'Assistant Prof. in East China Normal University']
[u'm5ZFpMkAAAAJ', 'University of Strathclyde']
[u'J23S6BAAAAAJ', 'University of Leeds']
[u'zFPRoHYAAAAJ', 'Professor in University of Malaya']
[u'dzbRkJkAAAAJ', 'University of Tebessa']
[u'qrHytcQAAAAJ', 'University of Glasgow']
[u'jt81f3sAAAAJ', 'LaTrobe University']
[u'nc0oyZEAAAAJ', 'Pt. L.M.S. Govt. PG College']
[u'FT6-0PQAAAAJ', 'Coastal Branch of Natural History Museum and Institute']
[u'DumFQfQAAAAJ', 'CIBIO/UP & University of Bristol']
[u'AtJSLK0AAAAJ', 'Institute of Zoology']
[u'qKs0jKMAAAAJ', 'James Hutton Institute']
[u'qGWHawUAAAAJ', 'Charles Sturt University']
[u'L2U8WXIAAAAJ', 'Trinity College Dublin']
[u'MQ-OtQwAAAAJ', 'University of Salento']
[u'iKYMeosAAAAJ', 'Institute of Systematics and Ecology of Animals']
[u'upNmF68AAAAJ', 'University of Tartu']
[u'VH13T4sAAAAJ', 'LaTrobe University']
[u'nBr8sq0AAAAJ', 'university of Aveiro']
[u'qsP7NVEAAAAJ', 'Imperial College London']
[u'F5R4w5kAAAAJ', 'University of Paris-Sud']
[u'JrKKH40AAAAJ', 'University of Debrecen']
[u'nrnHbYcAAAAJ', 'University of Auckland']
[u'BE9IVk4AAAAJ', 'Zoological Institute']
[u'ipOViTQAAAAJ', 'University of South Bohemia']
[u'cDKcIEQAAAAJ', 'Lecturer at Institute for Complex Systems Simulation']
[u'6Bm6vCQAAAAJ', 'Norwegian University of Life Sciences']
[u'gl0QYH4AAAAJ', 'University of Tasmania']
[u'UE61txYAAAAJ', 'Harvard University and University College London (UCL)']
[u'zwHfPw0AAAAJ', 'Bangor University']
[u'KQvKuIEAAAAJ', 'Radboud University Nijmegen aquatic ecology']
[u'BvjHW9AAAAAJ', 'Griffith University']
[u'nqtv_GEAAAAJ', 'University of Bergen']
[u'ZOenvrQAAAAJ', 'University of Glasgow']
[u'3K3f8T8AAAAJ', 'Ben-Gurion University of the Negev']
[u'DaAOkp8AAAAJ', 'University of Alberta']
[u'SmysduoAAAAJ', 'Don Harrington Discovery Center']
[u'6lFKr0YAAAAJ', 'University of Queensland']
[u'XC3HWeEAAAAJ', 'University of Nottingham']
[u'IIKFMKoAAAAJ', 'The University of Birmingham']
[u'71zsNL0AAAAJ', 'Etvs University']
[u'0zJ9BUMAAAAJ', 'University of Vigo']
[u'6ceNH50AAAAJ', 'Universide Federal do Rio Grande do Norte']
[u'18IPbrAAAAAJ', 'Universit Nice Sophia Antipolis']
[u'scj1vZ4AAAAJ', 'University of Edinburgh']
[u'wF2uou4AAAAJ', 'Radboud University']
[u'2EH-7ekAAAAJ', 'Research fellow of National Research Institute of Fisheries Science']
[u'iHd4zcsAAAAJ', 'Tropical Biosphere Research Center']
[u'oWi0OZ0AAAAJ', 'University of Sherbrooke']
[u'LcANET4AAAAJ', 'University of Queensland']
[u'4fLwFGoAAAAJ', 'University of Edinburgh']
[u'DWUiUtAAAAAJ', 'Catalan Instute for Water Research (ICRA) & University of Girona']
[u'rvneI7UAAAAJ', 'Laurentian University']
[u'_DuzFgcAAAAJ', 'CNR-ISE Institute of Ecosystem Study']
[u'7t0uFMgAAAAJ', 'University of Manitoba']
[u'U4jAyVIAAAAJ', 'Evora University']
[u'48mGRJYAAAAJ', 'Swedish University of Agricultural Sciences']
[u'46v3nPoAAAAJ', 'Senior Lecturer in Marine Zoology and Ecotoxicology; University of Portsmouth']
[u'TLfmeYIAAAAJ', 'Adjunct Associate Professor James Cook University']
[u'i7DzH8sAAAAJ', 'University of Parma']
[u'pc1MNtIAAAAJ', 'Percy FitzPatrick Institute']
[u'MnxAoasAAAAJ', 'Simon Fraser University']
[u'TnW1O4wAAAAJ', 'University of Wrzburg']
[u'wwKYVaIAAAAJ', 'Max Planck Institute for Ornithology']
[u'YTqvVFcAAAAJ', 'University of Alberta']
[u'tyq-eagAAAAJ', 'Leibniz Institute for Zoo and Wildlife Research']
[u'J6DSGDMAAAAJ', 'Zoological Institute of the Russian Academy of Sciences']
[u'Dd4l-QEAAAAJ', 'Oldenburg University']
[u'tFVroCAAAAAJ', 'Universit de Picardie Jules Verne']
[u'obAnJk0AAAAJ', 'Food and Environment Research Agency & Institute of Zoology ZSL']
[u'816P-c8AAAAJ', "Queen's University Belfast."]
[u'_CWOX7wAAAAJ', 'Charles Sturt University']
[u'5GPHKbIAAAAJ', 'Stockholm University']
[u'0Smp25IAAAAJ', 'Linkping University']
[u'b0XVV2IAAAAJ', 'University of Leeds']
[u'EKzaZNsAAAAJ', 'University of Toronto']
[u'T2euahYAAAAJ', 'University of Western Australia']
[u'zjP6gQIAAAAJ', 'Tel Aviv University']
[u'un4Voy4AAAAJ', 'York University']
[u'EVohj5AAAAAJ', 'USGS Western Ecological Research Center']
[u'qUPtd1sAAAAJ', 'Universit Libre de Bruxelles']
[u'UDi4-aUAAAAJ', 'Complutense University']
[u'vhLGix0AAAAJ', 'University of Debrecen']
[u'WtgiU0EAAAAJ', 'UNESP - So Paulo State University']
[u'xnSRHe8AAAAJ', 'University of Newcastle']
[u'mXZQj-IAAAAJ', 'University of Kwazulu-Natal']
[u'KXl-yrYAAAAJ', 'University of Santiago de Compostela']
[u'sqRoRjIAAAAJ', 'Macquarie University']
[u'o1CrKOwAAAAJ', 'University of New Brunswick']
[u'nxg3KqkAAAAJ', 'McGill University']
[u'riaX3CEAAAAJ', 'Swansea University']
[u'a8F7H00AAAAJ', 'University of York']
[u'a8F7H00AAAAJ', 'University of York']
[u'I741OU4AAAAJ', 'University of Sheffield']
[u'3gwjr6YAAAAJ', 'The University of Melbourne']
[u'u8HwhtAAAAAJ', 'University of Guelph']
[u'NbIoSJAAAAAJ', 'University of New South Wales']
[u'5iC6s4QAAAAJ', 'University of Canberra']
[u'OoKPXq8AAAAJ', 'Smithsonian Institution']
[u'd86uPHoAAAAJ', 'Adam Mickiewicz University of Pozna']
[u'q5ZS69sAAAAJ', 'bo Akademi University']
[u'RchOdVUAAAAJ', 'University of Aarhus']
[u'jpoOPNEAAAAJ', 'Monash University']
[u'N2guSLkAAAAJ', 'Institut Polytechnique LaSalle Beauvais']
[u'89DB5TMAAAAJ', 'University of Lausanne']
[u'JCV10joAAAAJ', 'Stellenbosch University']
[u'z2jRx3QAAAAJ', 'James Cook University']
[u'v1zxLScAAAAJ', "Women's Health Research Institute"]
[u'GWjY4X8AAAAJ', 'Ben-Gurion University of the Negev']
[u'eaNpqN8AAAAJ', 'University of Athens']
[u'BsTOfMUAAAAJ', 'Tel-Aviv University']
[u'Bed5uzEAAAAJ', 'PhD-Student at Institute for Theoretical Biology']
[u'_EXXIqAAAAAJ', 'University of Zurich']
[u'uWTo8-MAAAAJ', 'University of Toronto']
[u'dy9cRXIAAAAJ', 'Etvs Lornd University']
[u'aydFU38AAAAJ', 'Imperial College London']
[u'CUS7cWwAAAAJ', 'University of Tartu']
[u'r3aegBgAAAAJ', 'National Institute for Agro-Environmental Sciences (Japan)']
[u'scb4iZgAAAAJ', 'University of Northern BC']
[u'KiX86RQAAAAJ', 'Fred Hutchinson Cancer Research Center']
[u'aok3yN8AAAAJ', 'Babe-Bolyai University']
[u'5cnAOn0AAAAJ', 'Norwegian Institute for Nature Research (NINA)']
[u'-2orJ8MAAAAJ', 'Ben-Gurion University of the Negev']
[u'9HGPs6MAAAAJ', 'University of Geneva']
[u'4PyzI8UAAAAJ', 'VU-University Amsterdam']
[u'8b0XQ64AAAAJ', 'Institute for Biodiversity and Ecosystem Dynamics']
[u'1l6DxcAAAAAJ', 'University of Quebec at Montreal']
[u'2FBLJ-IAAAAJ', 'University of Cambridge']
[u'46PlMvwAAAAJ', 'McMaster University']
[u'DDtrs1EAAAAJ', 'University of Cambridge']
[u'4drbuAUAAAAJ', 'McGill University']
[u'PElRYZUAAAAJ', 'University of Sydney']
[u'3kI7yKEAAAAJ', 'University of Toronto']
[u'LlRbKw4AAAAJ', 'Institute of Forest Ecology']
[u'k13ZV_wAAAAJ', 'Smithsonian Tropical Research Institute']
[u'iHpSPB0AAAAJ', 'Helmholtz Center for Environmental Research - Department of Ecological Modelling']
[u'6XVuz14AAAAJ', 'National Center for Ecological Analysis and Synthesis']
[u'PLCWohMAAAAJ', 'University of Cape Town']
[u'GK-0yuEAAAAJ', 'Zurich University']
[u'O9ljpOoAAAAJ', 'Scripps Institution of Oceanography']
[u't6H4vasAAAAJ', 'Andong National University']
[u'5-H_O-4AAAAJ', 'Hlar University College']
[u'uozzoRUAAAAJ', 'University of Kent']
[u'66izMvkAAAAJ', 'North-Eastern Hill University']
[u'VYH6DGUAAAAJ', 'Center for Macroecology']
[u'JoEJgSUAAAAJ', "Queen's University"]
[u'Zp-FwowAAAAJ', 'PI at the University of Bonn']
[u'7HzlVT4AAAAJ', 'University of Rennes 1']
[u'Gktz8l4AAAAJ', 'University of Groningen']
[u'cW1Z_mYAAAAJ', 'Researcher at Institute of Economic Sciences']
[u'Fw8QcocAAAAJ', 'University of Regina']
[u'5axMdwYAAAAJ', 'German Primate Center']
[u'ZFd4kT8AAAAJ', 'Sinisa Stankovic Institute for Biological Research']
[u'i_FDZDwAAAAJ', 'University of Exeter']
[u'4HfsgFUAAAAJ', 'National University of Singapore']
[u'qAyF-JYAAAAJ', 'Institute for Human Evolution']
[u'02QEtG8AAAAJ', 'Smithsonian Conservation Biology Institute']
[u'N9sVlQEAAAAJ', 'University of Ottawa']
[u'0fcPp2oAAAAJ', 'Smithsonian Institution']
[u'3u8CsXkAAAAJ', 'Aarhus University']
[u'1V6BpBcAAAAJ', 'Seoul National University']
[u'JyNLbUoAAAAJ', 'Ben-Gurion University']
[u'claYSf0AAAAJ', 'University of Calgary']
[u'tt1oyyEAAAAJ', 'University Research Fellow']
[u'928ELYsAAAAJ', 'Hacettepe University']
[u'w8m1m1EAAAAJ', 'University of Exeter']
[u'TJUyl1gAAAAJ', 'University of York']
[u'JHxGZWEAAAAJ', 'Max Planck Institute for Developmental Biology']
[u'97LLeawAAAAJ', 'Naturalis Biodiversity Center']
[u'-3n2RRYAAAAJ', 'bo Akademi University']
[u'a0UtiWoAAAAJ', 'Universitt Bayreuth']
[u'00-cFw8AAAAJ', 'University of Bayreuth']
[u'9f2K6RUAAAAJ', 'Simon Fraser University']
[u'c0N6cCcAAAAJ', 'University of St Andrews']
[u'2AzMfX8AAAAJ', 'Sapienza University of Rome']
[u'6bpgPEkAAAAJ', 'university of aveiro']
[u'HJK5CzYAAAAJ', 'Swansea University']
[u'r1S7HvEAAAAJ', 'Institut National de la Recherche Agronomique (INRA)']
[u'mXBVA8AAAAAJ', 'University of Hong Kong']
[u'RKoMHd8AAAAJ', 'Rhodes University']
[u'_omJHHQAAAAJ', 'Ume University']
[u'SciN2e8AAAAJ', 'University of Stirling']
[u'Qf_7D0QAAAAJ', 'Universit di Modena e Reggio Emilia']
[u'4vsRoJkAAAAJ', 'University of New Brunswick']
[u'EfLtwKIAAAAJ', 'Indian Institute of Forest Management']
[u'd0vPRRkAAAAJ', 'Cary Institute of Ecosystem Studies']
[u'lx2Yjh4AAAAJ', 'North-West University']
[u'zfcYwe8AAAAJ', 'Percy FitzPatrick Institute of Ornithology']
[u'aDc52bAAAAAJ', 'University of salford']
[u'c4CW80QAAAAJ', 'University of Pavia']
[u'8Di-_bEAAAAJ', 'Tribhuvan University']
[u'DmwSNy0AAAAJ', 'University of Guelph']
[u'0Jlh2vQAAAAJ', 'University of York - Biodiversity']
[u'WB4GH2MAAAAJ', 'Dalhousie University']
[u'5z0GdzYAAAAJ', 'University of London']
[u'xFp1CL0AAAAJ', 'University of Queensland / Marine Megafauna Association / CSIRO Australia']
[u'ZyvcVIcAAAAJ', 'Aarhus University']
[u'2xnq_D0AAAAJ', 'Universitt Innsbruck']
[u'viLkPjUAAAAJ', 'University of Victoria']
[u'EKuaXwsAAAAJ', 'University of So Paulo']
[u'EKuaXwsAAAAJ', 'University of So Paulo']
[u'CZR8FewAAAAJ', 'University of Queensland']
[u'SWtTXP4AAAAJ', 'University of Leeds']
[u'1qG6yFMAAAAJ', 'University of Queensland']
[u'TwtEk1IAAAAJ', 'Institute for Space Sciences']
[u'mV42tzAAAAAJ', 'York University']
[u'kuDv6QoAAAAJ', 'Imperial College London']
[u'7yurdeYAAAAJ', 'Smithsonian Institution']
[u'iOS_d9MAAAAJ', 'The University of Sydney']
[u'Scxa7eUAAAAJ', 'Postdoctoral researcher at Jagiellonian University']
[u'b28SPdgAAAAJ', 'University of Vienna']
[u'b4_RFdwAAAAJ', 'University of Tasmania']
[u'U8MSG_AAAAAJ', 'The University of Queensland']
[u'2xgMtQcAAAAJ', 'Cary Institute of Ecosystem Studies']
[u'mKCN87EAAAAJ', 'McMaster University']
[u'1sO0O3wAAAAJ', 'The University of Adelaide']
[u'ViFKk7QAAAAJ', 'Simon Fraser University']
[u'AWK2FDoAAAAJ', 'University of Winnipeg']
[u'p8CEpg4AAAAJ', 'National Evolutionary Synthesis Center']
[u'DtjsmnEAAAAJ', 'University of Alberta']
[u'MkZYT8QAAAAJ', 'University of Coimbra']
[u'ZXZHvg0AAAAJ', 'Macquarie University']
[u'oI764M0AAAAJ', 'Smithsonian Institution']
[u'3PEknw0AAAAJ', 'The University of Queensland']
[u'ei4kq-0AAAAJ', 'Smithsonian Tropical Research Institute']
[u'mvx79E8AAAAJ', 'Akron University']
[u'ya4b6UkAAAAJ', 'Reseach Scientist Max Planck Institute for Demographic Research']
[u'3rQgJBIAAAAJ', 'Dalhousie University']
[u'rIvv1IMAAAAJ', 'University of Oxford']
[u'mTLjM9QAAAAJ', 'University of Adelaide']
[u'otWCBH8AAAAJ', 'University of Zurich']
[u'Zpo8koYAAAAJ', 'University of York']
[u'NTzu9c8AAAAJ', 'Australian National University']
[u'1RfyVk4AAAAJ', 'University of Canterbury']
[u'kFZ980sAAAAJ', 'University of Waikato']
[u'cfwxm0AAAAAJ', 'Howard Hughes Medical Institute']
[u'jpxnHXsAAAAJ', 'University of Windsor']
[u'b6s1NfkAAAAJ', 'University of British Columbia']
[u'hd2lj1kAAAAJ', 'University of Lincoln']
[u'naRu9mIAAAAJ', 'USGS and University of Massachussetts']
[u'cTgdVdUAAAAJ', 'Bologna University']
[u'10kSt6MAAAAJ', 'Federal University of So Paulo - UNIFESP']
[u'Fk-Ko7wAAAAJ', 'Universit de Sherbrooke']
[u'9rk3NAwAAAAJ', 'University of Hull']
[u'MJ9doQEAAAAJ', 'United States Geological Survey-Great Lakes Science Center']
[u'Ws4XfWoAAAAJ', 'University of Cambridge']
[u'mz_Tby0AAAAJ', 'University of British Columbia']
[u'xDYzz6EAAAAJ', 'National Cancer Institute']
[u'nBSC4-EAAAAJ', 'University of Glasgow']
[u'pdwzPaUAAAAJ', 'Swiss Federal Research Institute WSL']
[u'YGu9JccAAAAJ', 'Linkping University']
[u'GO_GbVoAAAAJ', 'University  of Aberdeen']
[u'u9Xu_1kAAAAJ', 'Cary Institute of Ecosystem Studies']
[u'0H8jNBoAAAAJ', 'Charles Sturt University']
[u'lgmfWacAAAAJ', 'University of Glasgow']
[u'J3KOrBgAAAAJ', 'Macquarie University']
[u'CCSiAPoAAAAJ', 'University of Windsor']
[u'jweuTc8AAAAJ', 'Institut de Biologia Evolutiva (CSIC-UPF)']
[u'12utz-AAAAAJ', 'Fort Collins Science Center']
[u'd2Z2AZ4AAAAJ', 'York University']
[u'jRYNn4cAAAAJ', 'University of Toronto']
[u'b6YmhvwAAAAJ', 'University of Basel (CH) & Balaton Limnological Institute (H)']
[u'lqRtZoUAAAAJ', 'Smithsonian Institution']
[u'3BOcMJQAAAAJ', 'National Center for Ecological Analysis and Synthesis']
[u'8hULXkMAAAAJ', 'University College Dublin']
[u'6xpuHc8AAAAJ', 'University of British Columbia']
[u'S3BUY-EAAAAJ', 'University of Antwerp']
[u'P6110SYAAAAJ', 'Pamplona University']
[u'uLZ5Xl8AAAAJ', 'Universit di Milano']
[u'W8RyUMoAAAAJ', 'World Agroforestry Center']
[u'W2CdJGkAAAAJ', 'Durrell Institute of Conservation and Ecology']
[u'8Fpp0H4AAAAJ', 'Smithsonian Institution -- Smithsonian Environmental Research Center']
[u'ciQGIPwAAAAJ', 'University of Copenhagen']
[u'hNbZePIAAAAJ', 'Queen Mary University of London']
[u'WDg3rfcAAAAJ', 'Aarhus University']
[u'p6U3px8AAAAJ', 'University of Saskatchewan']
[u'muZUfswAAAAJ', 'University of East Anglia']
[u'8t2tHlcAAAAJ', 'Institute of Aquaculture']
[u'Ibz0J3AAAAAJ', 'University of Malta']
[u'Mj1GWiUAAAAJ', 'University of Brighton']
[u'7ttGxAkAAAAJ', 'National Center for Ecological Analyses and Synthesis']
[u'zYXd5kgAAAAJ', 'Royal Society University Research Fellow']
[u'Hlt9Pp4AAAAJ', 'The Australian National University']
[u'Ef_nLusAAAAJ', 'Macquarie University']
[u'nvH_gUAAAAAJ', 'Plymouth University']
[u'SQTXmrAAAAAJ', 'Universitt Greifswald']
[u'M0JOtjoAAAAJ', 'The Hebrew University of Jerusalem']
[u'GJ0yDhsAAAAJ', 'Universit Bordeaux']
[u'4kcjgV8AAAAJ', 'University of British Columbia']
[u'uPkV21MAAAAJ', 'Smithsonian Institute & Harvard University']
[u'tGhgVF8AAAAJ', 'University of British Columbia Post-Doctoral Researcher']
[u'UVdPk5sAAAAJ', 'Ghent University']
[u'X-K0Xr4AAAAJ', 'University of Lisbon']
[u'aPFBOpkAAAAJ', 'University of Otago']
[u'NPWLckEAAAAJ', 'University of Essex']
[u'22aEccUAAAAJ', 'Texas Natural Science Center']
[u'LMPfbVYAAAAJ', 'James Cook University']
[u'qbW4LkQAAAAJ', 'University of Saskatchewan']
[u'YbSevQ8AAAAJ', 'Macquarie University']
[u'LMPfbVYAAAAJ', 'James Cook University']
[u'2FLX7okAAAAJ', 'NIOO-KNAW; Professor Aquatic Ecology University Utrecht']
[u'BpaeOY0AAAAJ', 'James Cook University']
[u'FZZX_koAAAAJ', 'University of York']
[u'l9XxHzAAAAAJ', 'University of Puerto Rico']
[u'OG5WezAAAAAJ', 'University of Girona']
[u'9chX8ZgAAAAJ', 'Smithsonian Conservation Biology Institute']
[u'juP1o-UAAAAJ', 'Simon Fraser University']
[u'Ee738sUAAAAJ', 'PhD Student Cambridge University']
[u'mdGPRhYAAAAJ', 'College of Agronomy']
[u'NhcW6wQAAAAJ', 'Queen Mary University of London']
[u'orDmuRkAAAAJ', 'Northwest Fisheries Science Center']
[u'9bVrd6wAAAAJ', 'Reading University']
[u'rEcCc-wAAAAJ', 'Aarhus University']
[u'SL2x6lMAAAAJ', 'Patuxent Wildlife Research Center']
[u'-66nqTEAAAAJ', 'Lund University']
[u'xm0NaFQAAAAJ', 'Halle University']
[u'_1tfmzsAAAAJ', 'University of Calgary']
[u'Q9BadhcAAAAJ', 'Institute for Biology']
[u'hrS_LA0AAAAJ', 'McGill University']
[u'noD_LaMAAAAJ', 'Ume University']
[u'zTMRtwwAAAAJ', 'University of Newcastle']
[u'y4FF2RoAAAAJ', 'University of Aberdeen']
[u'xNaCARsAAAAJ', 'University Montpellier 2']
[u'MYggUE4AAAAJ', 'University of Basel']
[u'nDUJisIAAAAJ', 'University of Mauritius']
[u'f66WV8wAAAAJ', 'Scripps Institution of Oceanography']
[u'JVBDupYAAAAJ', 'University of Southampton']
[u't8sKuFgAAAAJ', 'Max Planck Institute for Demographic Research (MPIDR)']
[u'-Rh0VOwAAAAJ', 'Max Planck Institute for Demographic Research']
[u'ybeUtVoAAAAJ', 'University of Dundee']
[u'_GSBMj4AAAAJ', 'University of Canterbury']
[u'3fnyFcoAAAAJ', 'University of Groningen']
[u'9WUUXXAAAAAJ', 'Institute of Agronomy']
[u'ge366NsAAAAJ', 'university of Burgundy']
[u'GEC8f5YAAAAJ', 'Goethe University Frankfurt & Senckenberg']
[u'YOwFJ0IAAAAJ', 'University of Cambridge']
[u'gpO8NjUAAAAJ', 'Universit de bretagne Occidentale']
[u'jJ2RPj0AAAAJ', 'Uppsala University']
[u'eAqv-voAAAAJ', 'University of Exeter']
[u'dRA5qhcAAAAJ', "Queen's University"]
[u'zZIT3_4AAAAJ', 'Universit della Calabria']
[u'6_6qsOoAAAAJ', 'Queen Mary University of London']
[u'aVB4HmYAAAAJ', 'Trent University']
[u'2lGyeV0AAAAJ', 'Institute for Land']
[u'2E9Q-rwAAAAJ', 'Smithsonian Institution']
[u'qotdVyEAAAAJ', 'University of St. Thomas']
[u'K9NRypQAAAAJ', 'Univ. Milano-Bicocca']
[u'S2lO1eUAAAAJ', 'University of Melbourne']
[u'eyBl6r8AAAAJ', 'Sokoine University of Agriculture']
[u'ZOzuFnEAAAAJ', 'Alfred Wegener Institute for Polar and Marine Research']
[u'L6FLr-MAAAAJ', 'University of Rostock']
[u'vWb9nPsAAAAJ', 'University College Cork']
[u'SdcDk3AAAAAJ', 'University of Pretoria']
[u'LGKOIrEAAAAJ', 'University of Perugia']
[u'DY1qaTgAAAAJ', 'CNR Institute of Ecosystem Study']
[u'SlmoKIIAAAAJ', 'National Institute of Oceanography Israel Oceanographic and Li']
[u'Pe74S2oAAAAJ', 'University of New South Wales']
[u'JCtn8j0AAAAJ', 'University of Genoa']
[u'qyrOa_YAAAAJ', 'University of the Aegean']
[u'yD6KDroAAAAJ', 'PhD University of Milano-Bicocca']
[u'EYsy0M4AAAAJ', 'University of Freiburg']
[u'ZwsFK8IAAAAJ', 'Orto Botanico Universit di Roma']
[u'4omO-JQAAAAJ', 'James Cook University']
[u'pol-BLkAAAAJ', 'University of Tasmania']
[u'EvT-wxUAAAAJ', 'University of Alberta']
[u'yIC7dbgAAAAJ', 'University of Melbourne']
[u'7dttIEcAAAAJ', 'universit catholique de Louvain (belgium)']
[u'UEDlh7kAAAAJ', 'Swansea University']
[u'b24UxSMAAAAJ', 'PhD Researcher (Biology) at University of Antwerp']
[u'YbzI-g4AAAAJ', 'University of York']
[u'05GxLPMAAAAJ', 'Queen Mary University of London; Advances in Ecological Research Editor']
[u'afrW_OkAAAAJ', 'University of Guelph']
[u'zl2DYyYAAAAJ', 'University of Canterbury']
[u'rg4liP8AAAAJ', 'University of Copenhagen']
[u'I5CaIocAAAAJ', 'Utrecht University']
[u'5JcFZDEAAAAJ', 'Great Lakes Institute for Environmental Research']
[u'X_wW_oYAAAAJ', 'University of Queensland']
[u'5GoJaQsAAAAJ', 'Cary Institute of Ecosystem Studies']
[u'wgoJRZ8AAAAJ', 'Radboud University Nijmegen']
[u'kpX0BtkAAAAJ', 'Victoria University of Wellington & Adjunct Professor']
[u'OYtNQtoAAAAJ', 'Wageningen University']
[u'nUolJnMAAAAJ', 'Smithsonian Institution']
[u'jC1pNUQAAAAJ', 'University of the Highlands and Islands']
[u'V2rEBzcAAAAJ', 'Smithsonian Tropical Research Institute']
[u'gyzuDhcAAAAJ', 'University Groningen']
[u'm-RGrt4AAAAJ', 'Aarhus University']
[u'4cneOpIAAAAJ', 'University of Helsinki']
[u'RmW1avAAAAAJ', 'Center for Methods']
[u'7rIEh98AAAAJ', 'Faculty of Sciences of the University of Lisbon']
[u'BEK_QHIAAAAJ', 'University of Louvain']
[u'OWQw1KgAAAAJ', 'University of']
[u'lJ7K0KUAAAAJ', 'Hokkaido University']
[u'KXeLXT4AAAAJ', 'University of St Andrews']
[u'jNHwb9MAAAAJ', 'Institute for Sustainable Sciences and Development']
[u'VnWPWkQAAAAJ', 'Bangor University']
[u'wwzujB0AAAAJ', 'Seikai National Fisheries Research Institute']
[u'IF-J5BgAAAAJ', 'Research Institute for Nature and Forest and Ghent University and Institute for Nature Conservation']
[u'ijAYT08AAAAJ', 'University of Gttingen']
[u'VUQqm6kAAAAJ', 'Great Lakes Institute for Environmental Research']
[u'9-veEp8AAAAJ', 'University of Queensland']
[u'FyAXGAsAAAAJ', 'the University of Queensland']
[u'Th2-4-sAAAAJ', 'PhD Student of University of Manchester']
[u'TwibE8cAAAAJ', 'Universit du Qubec  Montral']
[u'284mypYAAAAJ', 'Researcher @ Federal University of Rio Grande do Norte (Brazil) - Dept. Oceanography and']
[u'ux08bCQAAAAJ', 'University of British Columbia']
[u'h8hyWUoAAAAJ', 'University of Exeter']
[u'wOazpDcAAAAJ', 'Bangor University']
[u'OJT9f-oAAAAJ', 'Memorial University of Newfoundland']
[u'eTP-OeMAAAAJ', 'Durham University']
[u'UNBLOW4AAAAJ', 'Woods Hole Oceanographic Institution']
[u'YUlXjVUAAAAJ', 'Primate Research Institute']
[u'RRuVNzQAAAAJ', 'Aberystwyth University']
[u'gRjgu4oAAAAJ', 'Environment and Sustainability Institute']
[u'dNqiXEYAAAAJ', 'Victoria University of Wellington']
[u'OcT-P7EAAAAJ', 'Agronomy College']
[u'UDcJGVUAAAAJ', 'Postdoc at Center for the Study of Institutional Diversity']
[u'PfLz9NYAAAAJ', 'Norwegian University of Science and Tecnology']
[u'hCOutxAAAAAJ', 'Etvs University']
[u'o5MlXIQAAAAJ', 'USGS Patuxent Wildlife Research Center']
[u'Lmnt5igAAAAJ', 'Professor Marine Population Ecology VU University Amsterdam']
[u'81m4caYAAAAJ', 'Institute of Dendrology']
[u'k1xKkd0AAAAJ', 'Seoul National University']
[u'pfqa-lQAAAAJ', 'Czech University of Life Sciences Prague (Czech Republic)']
[u'1IyCE9IAAAAJ', 'University of New South Wales']
[u'IwTAjCEAAAAJ', 'Northwest Fisheries Science Center']
[u'hmPk8yMAAAAJ', "King's College London"]
[u'ewr6SEwAAAAJ', 'Massey University']
[u'KyDcPJUAAAAJ', 'University of Glasgow']
[u'_cSPTv4AAAAJ', 'University of St Andrews']
[u'hhZiG4UAAAAJ', 'Stellenbosch University']
[u'YeT-V18AAAAJ', 'University of Auckland']
[u'kj-3ipUAAAAJ', 'The University of Melbourne']
[u'EQgt8PcAAAAJ', 'University of Queensland']
[u'HYwcnpsAAAAJ', 'University of Antwerp']
[u'MO1_c00AAAAJ', 'University of Sydney']
[u'A0zQf2EAAAAJ', 'University of New Brunswick']
[u'2jCQ2SUAAAAJ', 'University of South Bohemia']
[u'C3XY2KIAAAAJ', 'University of South Bohemia']
[u'rrejPi0AAAAJ', 'University of Glasgow']
[u'EYH2LaYAAAAJ', 'Postdoctoral researcher at the University of Oslo']
[u'd-nML2AAAAAJ', 'Sierra to Sea Institute']
[u'_WPGvuQAAAAJ', 'Macquarie University']
[u'TaYr9pMAAAAJ', 'Finnish Environment Institute']
[u'VkGyswQAAAAJ', 'Norwegian University of Science and Technology']
[u'FcvPfDUAAAAJ', 'University of Eastern Finland']
[u'QYmSRxQAAAAJ', 'Northwest Fishery Science Center']
[u'sPIq12UAAAAJ', 'University of Melbourne']
[u'gX4CLQMAAAAJ', 'University of British Columbia']
[u'dBzUHoMAAAAJ', 'Professor of Zoology (Vertebrate Biology and Conservation Group - Complutense University of Madrid)']
[u'IN_fvdEAAAAJ', 'University of Ottawa']
[u'gbWh-H4AAAAJ', 'Massey University']
[u'baSv_eQAAAAJ', 'Universiti Malaysia Kelantan']
[u'kTr8aTMAAAAJ', 'Federal Rural University of Rio de Janeiro']
[u'-BhfjpYAAAAJ', "Professeur Retrait d'Universit"]
[u'9qZJM-8AAAAJ', 'University of So Paulo']
[u'8qMpkFkAAAAJ', 'McGill University']
[u'w9bvYxAAAAAJ', 'University of Aarhus']
[u'NMYZLCcAAAAJ', 'University of Bern']
[u'yRFFy8sAAAAJ', 'University of New Brunswick at Saint John']
[u'6zHjOd8AAAAJ', 'University of Northampton']
[u'60UiTBkAAAAJ', 'Hawkesbury Institute for the Environment']
[u'tWrHOL4AAAAJ', 'NOAA Northwest Fisheries Science Center']
[u'994q1ZMAAAAJ', 'Migratory Bird Center']
[u'ri310rkAAAAJ', 'Western Fisheries Research Center']
[u'oWmDt3QAAAAJ', 'Nebraska Game & Parks Commission & University of Nebraska']
[u'P0Co1HMAAAAJ', 'Santa Fe Institute']
[u'lmw1IWEAAAAJ', 'Algoma University']
[u'fTVcan0AAAAJ', 'Simon Fraser University']
[u'MrL-XI4AAAAJ', 'University of York']
[u'NwKn0zMAAAAJ', 'University of Queensland']
[u'QU8g3AsAAAAJ', 'University of Hamburg / Eco-Systems']
[u'-2KXjpcAAAAJ', 'University of Mnster']
[u'pVLS83IAAAAJ', 'University of Alberta']
[u'we7WLk8AAAAJ', 'Aarhus University']
[u'-F-MKiQAAAAJ', 'Santa Fe Institute']
[u'tNowt70AAAAJ', 'James Cook University']
[u'WUxtvIsAAAAJ', 'University of Calgary']
[u'v44iutcAAAAJ', 'Radboud University Nijmegen']
[u'sADhdYsAAAAJ', 'Ghent University']
[u'IQ8Zk6sAAAAJ', 'University of St. Thomas']
[u'JmyomtcAAAAJ', 'University KSW in Warsaw']
[u'b1blKjEAAAAJ', 'Aarhus University (PhD; MSc; BSc)']
[u'e5ac82QAAAAJ', 'University of Calgary']
[u'HnqHmvoAAAAJ', 'Howard Hughes Medical Institute']
[u'fsGK7cEAAAAJ', 'University of New South Wales']
[u'DJhR39wAAAAJ', 'University of Western Australia']
[u'z4oGroQAAAAJ', 'University of Alberta']
[u'HxflJEMAAAAJ', 'National Institute for Mathematical and Biological Synthesis']
[u'frdi4qAAAAAJ', 'Nanjing Institute of Geography and Limnology']
[u'LYCg2pQAAAAJ', 'Kunming Institute of Botany']
[u'3AEg15YAAAAJ', 'Institute of Botany']
[u'nhMAIZUAAAAJ', 'Lecturer - Murdoch University']
[u'Gn7T2OkAAAAJ', 'Smithsonian Environmental Research Center']
[u'-CbSlZcAAAAJ', 'University of Groningen']
[u'b9pK9akAAAAJ', 'Aarhus University']
[u'EW8gNbkAAAAJ', 'Oceanography Center']
[u'An7Q4J0AAAAJ', 'CIBIO/Faculty of Science of University of Porto']
[u'JJgCYqwAAAAJ', 'University of Helsinki']
[u'1frNX-AAAAAJ', 'Center of Oceanography']
[u'C_-GE5YAAAAJ', 'University of Sheffield']
[u'QKBzJT8AAAAJ', 'University of Tartu']
[u'8RFAxVsAAAAJ', 'Murdoch University']
[u'Akv_23gAAAAJ', 'Macquarie University']
[u'1fMYICgAAAAJ', 'University of Ioannina']
[u'wMp4L-0AAAAJ', 'University College Cork']
[u'UrdQVnUAAAAJ', 'University of Gloucestershire']
[u'06Uo5EQAAAAJ', 'University of Technology']
[u'lW6UC4cAAAAJ', 'Emeritus Professor and Honorary Visiting Fellow University of Leeds']
[u'EGqp30QAAAAJ', 'National Cancer Institutue']
[u'oktk7iMAAAAJ', 'University of British Columbia']
[u'fDEkdsgAAAAJ', 'University of Troms']
[u'SCvbMCUAAAAJ', 'Stockholm university']
[u'TReiA_sAAAAJ', 'Environment and Sustainability Institute']
[u'Xx52nH4AAAAJ', 'Jules Verne University of Picardie']
[u'yb6flSwAAAAJ', 'University of Guelph']
[u'2IBbfoMAAAAJ', 'University of Toronto']
[u'LHu9Q84AAAAJ', 'The Open University']
[u'_0w6ZS0AAAAJ', 'University of Otago']
[u'wWJd5aEAAAAJ', 'Norwegian University of Science and Technology']
[u'8WJ4oBMAAAAJ', 'Cary Institute of Ecosystem Studies']
[u'3J-qQ9EAAAAJ', 'Researcher at Swedish University of Agricultural Sciences']
[u'jieZZaQAAAAJ', 'Swedish University of']
[u'm9Mj_coAAAAJ', 'University of Glasgow']
[u'In1s0UkAAAAJ', 'Utrecht university; Nijmegen university']
[u'CdrBrtsAAAAJ', 'Institut de Cincies del Mar-CSIC. Barcelona']
[u'NHpMEbwAAAAJ', 'University of Oxford']
[u'cmsgq_AAAAAJ', 'Imperial College London']
[u'otXT76wAAAAJ', 'University of East Anglia']
[u'tGAwSvUAAAAJ', 'University of Zurich']
[u'xa-5ddYAAAAJ', 'Gladstone Institutes']
[u'EzGFsokAAAAJ', 'Macquarie University']
[u'DbcFQkYAAAAJ', 'University of Melbourne']
[u'oJHzCeoAAAAJ', 'Universit Toulouse 3']
[u'Y4rGJ1kAAAAJ', 'Tohoku University']
[u'KwPYT9QAAAAJ', 'University of Eastern Finland']
[u'bD-4I6sAAAAJ', 'Massey University']
[u'3zcZsbUAAAAJ', 'Banaras Hindu University']
[u'1qY46vkAAAAJ', 'ARC postdoctoral fellow  Marine Spatial Ecology Lab  The University of Queensland Australia']
[u'-RVa0pkAAAAJ', 'University of Lleida']
[u'1i8y0a0AAAAJ', 'Charles Darwin University']
[u'2ZoiohsAAAAJ', 'University of York']
[u'd9ar-EQAAAAJ', 'University of Victoria']
[u'u0Sk5NkAAAAJ', 'University of Roehampton']
[u'j3Uw9LQAAAAJ', 'University of Sheffield']
[u'2Xu0dXcAAAAJ', 'Australian Institute of Marine Science']
[u'uqZZxF4AAAAJ', 'Postdoc at the University of Gttingen']
[u'yftrLbUAAAAJ', 'Universit Laval']
[u'x0O6sbEAAAAJ', 'Romberg Tiburon Center for Environmental Studies']
[u'j-9uXQ8AAAAJ', 'Biocentre Klein Flottbek']
[u'h0BWgl0AAAAJ', 'University of Jyvskyl']
[u'8z4QEFYAAAAJ', 'Bindura University of Science Education']
[u'eb6kAX0AAAAJ', 'James Cook University']
[u'CZm5fY8AAAAJ', 'Kent State University']
[u'Fie2YHAAAAAJ', 'University of Aberdeen']
[u'FM7lh6oAAAAJ', 'The University of Queensland; CSIRO Ecosystem Sciences']
[u'h7UU2TEAAAAJ', 'Tunghai University']
[u'1JX4xzoAAAAJ', 'National Institute of Education']
[u'OByl3J0AAAAJ', 'University of British Columbia']
[u'Iy60kQkAAAAJ', 'Norwegian University of Science and Technology (NTNU)']
[u'4tO6CFcAAAAJ', 'University of Aberdeen']
[u'SJxAnwoAAAAJ', 'Max Planck Institute for Ornithology']
[u'uwHI8moAAAAJ', 'Czech University of Life Sciences Prague']
[u'6QNWwycAAAAJ', 'Palacky University']
[u'OoVL6Z8AAAAJ', 'University of GUelph']
[u'656AlPIAAAAJ', 'PhD candidate / Wildlife Biologist - Universit Laval & Foothills Research Institute']
[u'lL7RlhMAAAAJ', 'University of Guelph']
[u'BQMamo0AAAAJ', 'Mammal Research Institute Polish Academy of Scences']
[u'Vd9jVC0AAAAJ', 'University College London']
[u'kpNHOEEAAAAJ', 'Goethe University']
[u'sCBI_1IAAAAJ', 'Oxford Brookes University']
[u'SxV5W6oAAAAJ', 'San Diego Zoo Institute for Conservation Research']
[u'1vlKZG8AAAAJ', 'Biodiversity Research Center']
[u'RH34uugAAAAJ', 'McGill University']
[u'wsrK1-EAAAAJ', 'PhD student at Institute of Experimental Ecology']
[u'wKR5FCYAAAAJ', 'University of Queensland']
[u'tB-xphkAAAAJ', 'James Cook University']
[u'jKVTNlYAAAAJ', 'Kyoto University']
[u'VN9vNUAAAAAJ', 'University of Windsor']
[u'CQu-cXQAAAAJ', 'University of Liverpool']
[u'Ey0GG4sAAAAJ', 'University of Tsukuba']
[u'cKs_ingAAAAJ', 'Tokyo University of Agriculture and Technology']
[u'1sQweAkAAAAJ', 'northwest fisheries science center']
[u'NEbMYfsAAAAJ', 'University of Cambridge']
[u'g1tHbaEAAAAJ', 'Technical University of Denmark']
[u'gGLZMCQAAAAJ', 'Tokyo Keizai University']
[u'anDgQr0AAAAJ', 'Meijo Univ.']
[u'eWaliIQAAAAJ', 'Ege University']
[u'SYzWXLMAAAAJ', 'James Hutton Institute']
[u'AUtWgUwAAAAJ', 'University of Exeter']
[u'IzjQ5KUAAAAJ', 'Lund University']
[u'o088nHwAAAAJ', 'University of Western Australia']
[u'RDUIaDcAAAAJ', 'The University of Western Australia and Kings Park and Botanic Garden']
[u'_9M0LTgAAAAJ', 'University of Toronto']
[u'KE_QHK4AAAAJ', 'McGill University']
[u't10YusYAAAAJ', 'Theodosius Dobzhansky Center for Genome Bioinformatics']
[u'R5e1ZecAAAAJ', 'Paraba Federal University - Brasil']
[u'pwdyKLIAAAAJ', 'Leibniz-Institute of Freshwater Ecology and Inland Fisheries (IGB) and Institute of Biology']
[u'-5OKUYYAAAAJ', 'Macquarie University']
[u'L8ffR6MAAAAJ', 'Imperial College']
[u'Fz1OSTkAAAAJ', 'Atmosphere and Ocean Research Institute']
[u'bPnKov8AAAAJ', 'University of Wroclaw']
[u'BKEHSHwAAAAJ', 'Baranovitchi State University']
[u'_Ebund42FEwC', 'Aarhus University']
[u'jTzQHXwAAAAJ', 'Univ. Athens']
[u'OWMf69wAAAAJ', 'NRC Post-doc NOAA Northwest Fishery Science Center']
[u'ePcFwr4AAAAJ', 'Smithsonian Institution']
[u'K2fD15gAAAAJ', 'National Center for Biological Sciences (NCBS)']
[u'mKNxh1kAAAAJ', 'Wrocaw University']
[u'etQjeMoAAAAJ', 'University of Alberta']
[u'-d8GQZYAAAAJ', 'Sokoine University of Agriculture']
[u'ZWVQljsAAAAJ', 'National Institute of Oceanography']
[u'AqkifN0AAAAJ', 'Indian Institute of Spices Research']
[u'ryxUtgsAAAAJ', 'Royal Botanic Garden Edinburgh / University of Leeds']
[u'6wob4m0AAAAJ', 'Curtin Institute for Biodiversity & Climate']
[u'EMgy6MAAAAAJ', 'Professeur universit Rennes 1']
[u'LEJ9hfcAAAAJ', 'Sohar University']
[u'LfP2xLYAAAAJ', 'Murdoch University']
[u'UMxP_ZwAAAAJ', 'Aarhus University']
[u'J41nZzsAAAAJ', 'Uppsala University']
[u'FW7wtB0AAAAJ', 'Linkping University']
[u'hPP_g6EAAAAJ', 'Uppsala University']
[u'5E3uXgYAAAAJ', 'Bologna University']
[u'8TftFYsAAAAJ', 'McGill University']
[u'x4waVp0AAAAJ', 'University of Amsterdam']
[u'GvYgWpQAAAAJ', 'French National Institute of Agricultural Research']
[u'modXhhsAAAAJ', 'Flinders University']
[u'8PWpj6cAAAAJ', 'University of Calgary']
[u'lXqMuZ0AAAAJ', 'University of Tasmania. Principal Ecologist']
[u'VYYMnkYAAAAJ', 'Woods Hole Research Center']
[u'VnI2IzkAAAAJ', 'Adam Mickiewicz University in Pozna']
[u'aqqR418AAAAJ', 'Bielefeld University']
[u'Ymqqv10AAAAJ', 'University of Western Australia']
[u'be4SyOAAAAAJ', 'University of St Andrews']
[u'jIdqgMEAAAAJ', 'Forest Research Institute Malaysia']
[u'Htef610AAAAJ', 'Carleton University']
[u'1ES41U0AAAAJ', 'RIVM (Dutch National Institute for Public Health and the Environment)']
[u'YovtQC8AAAAJ', 'Radboud University Nijmegen']
[u'kvjdynEAAAAJ', 'Universit di Padova']
[u'4c42WNMAAAAJ', 'University Roma Tre']
[u'R80LxsIAAAAJ', 'The University of Queensland']
[u'-F_b6lsAAAAJ', 'Norwegian Institute for Nature Research']
[u'0U9GLsUAAAAJ', 'University of Hull']
[u'UOZvSA8AAAAJ', 'Researcher at Reference Center on Environmental Information']
[u'ikQhdz0AAAAJ', 'Institute of Ecology']
[u'Q8APgPwAAAAJ', 'Corvinus University of Budapest']
[u'fXdzNyIAAAAJ', 'James Cook University']
[u'Ve4gl54AAAAJ', 'University of London']
[u'PlTuzX8AAAAJ', 'University of Canberra']
[u'W-mBo5kAAAAJ', 'University of Queensland']
[u'JNMzzWAAAAAJ', 'Post Graduate Student Charles Sturt University']
[u'GIl3RAUAAAAJ', 'Biological Institute']
[u'CuyLnz4AAAAJ', 'Aahrus University']
[u'hcU9c0AAAAAJ', 'Simon Fraser University']
[u'WTu4ptgAAAAJ', 'College of Arts and Sciences']
[u'PJhZfpsAAAAJ', 'Wageningen University']
[u'7wXe68sAAAAJ', 'Smithsonian Institution']
[u'oELwuy8AAAAJ', 'University of Fribourg']
[u'fj526D0AAAAJ', 'Wageningen University']
[u'naoECFUAAAAJ', 'Fenner School of Environment and Society ANU College of Medicine']
[u'oE9tIUEAAAAJ', 'Flinders University']
[u'lY3UHKwAAAAJ', 'University of So Paulo']
[u'oyAKGa0AAAAJ', 'Australian National University & University of Oxford']
[u'c6LF8LkAAAAJ', 'University of Queensland']
[u'NuhMuY0AAAAJ', 'University of Cambridge']
[u'okcZNYoAAAAJ', 'Andres Bello University']
[u'aY_JPwkAAAAJ', 'University of Porto and "Ctedra Rui Nabeiro"']
[u'ssFEgu8AAAAJ', 'University of Windsor']
[u'jTnE2aoAAAAJ', 'University of Leeds & NCB-Naturalis']
[u'ExCf3XEAAAAJ', 'Institute of Systematics and Evolution of Animals']
[u'YpRfZIEAAAAJ', 'Jagiellonian University']
[u'eUPC2E8AAAAJ', 'University of New South Wales']
[u'6Ej4yzMAAAAJ', 'Macquarie University']
[u'emfCqiIAAAAJ', 'Australian National University']
[u'kq3z_foAAAAJ', 'Southern Cross University']
[u'i5jERHcAAAAJ', 'University of Guelph']
[u'dShW4N4AAAAJ', 'University of KwaZulu-Natal']
[u'6e7vDowAAAAJ', 'University of Aveiro']
[u'3hSNDKUAAAAJ', 'curator Smithsonian Institution']
[u'WshukjYAAAAJ', 'Charles Sturt University']
[u'mgifT7IAAAAJ', 'University of Lige']
[u'SLNYbL0AAAAJ', 'Institute of Botany']
[u'aVmTmnkAAAAJ', 'University of Bari']
[u'BkCCxzoAAAAJ', 'Osnabrueck University']
[u'x-T62VwAAAAJ', 'University of Otago']
[u'6L6zYowAAAAJ', 'University of Coimbra']
[u'tLb7kHEAAAAJ', 'Utrecht University']
[u'e3bysMEAAAAJ', 'University of Oxford']
[u'VpMlC1YAAAAJ', 'Wageningen University']
[u'xAqA9cUAAAAJ', 'Trent University']
[u'ANm3Ef0AAAAJ', 'University of So Paulo']
[u'd2y3h54AAAAJ', 'Nicolaus Copernicus University']
[u'Ve_w6cAAAAAJ', 'Professor at the Federal University of Minas Gerais']
[u'mYawNHAAAAAJ', 'University of So Carlos']
[u'MRDz0jUAAAAJ', 'Universit del Piemonte Orientale']
[u'1rogSVUAAAAJ', 'Dipartimento di Sanit Pubblica e Malattie Infettive - Universit di Roma "La Sapienza"']
[u'7RUU0esAAAAJ', 'Senckenberg Research Institute']
[u'40_eerUAAAAJ', 'Santa Fe Institute']
[u'B6vt1LEAAAAJ', 'Lund University']
[u'CdQQDgQAAAAJ', 'The University of Queensland']
[u'vxvsioIAAAAJ', 'University of Cape Town']
[u'xYWIs9IAAAAJ', 'University of Tartu']
[u'VWu61XsAAAAJ', 'Smithsonian Institution']
[u'cviZUYgAAAAJ', 'University Kaiserslautern']
[u'i_kgZXAAAAAJ', 'Democritus University of Thrace']
[u'mLi941wAAAAJ', 'Universit di Torino']
[u'Q8hjueMAAAAJ', 'University of St Andrews']
[u'c6hlpHIAAAAJ', 'University of Aveiro']
[u'3RzIuNIAAAAJ', 'Researcher in Ecology - University of Molise']
[u'O1mRXCcAAAAJ', 'University of Genova']
[u'6Fg9rU0AAAAJ', 'University of Aberdeen']
[u'M5rgOYAAAAAJ', 'Durrell Institute of Conservation & Ecology']
[u'jXNtDeAAAAAJ', 'University of Alberta']
[u'q38c5eIAAAAJ', 'Macquarie University']
[u'4IG4aXgAAAAJ', 'University of Toronto']
[u'C9W-bNMAAAAJ', 'Senior scientist at Radboud University Nijmegen']
[u'1E9szDsAAAAJ', 'Federal University of Gois']
[u'l8NIuq4AAAAJ', 'University of Alberta & MPK Analytics']
[u'rj4a4aMAAAAJ', 'Max Planck Institute for Ornithology']
[u'Z7OM3B0AAAAJ', 'Universit Libre de Bruxelles']
[u'OR57rLUAAAAJ', 'Professor at Adam Mickiewicz University']
[u'AS61FUkAAAAJ', 'University of London']
[u'vZue3Y4AAAAJ', 'University of Auckland']
[u'l_jCNmMAAAAJ', 'University of Alberta']
[u'TYfi4wsAAAAJ', 'Australian Institute of Marine Science']
[u'eTMPHXgAAAAJ', 'Australian Institute of Marine Science']
[u'sUWUYwcAAAAJ', 'University of Western Australia']
[u'c7ZpqT0AAAAJ', 'University of Alberta']
[u'bX-GbkUAAAAJ', 'San Diego Zoo Institute for Conservation Research & University of St. Andrews']
[u'JEqfqYgAAAAJ', 'Cranfield University']
[u'rxapjecAAAAJ', 'Smithsonian Tropical Research Institute']
[u'BKy5XSIAAAAJ', 'Universit de Sherbrooke']
[u'2PXSnHsAAAAJ', 'Macquarie University']
[u'zpZRWIwAAAAJ', 'Newcastle University']
[u'8_zMglQAAAAJ', 'James Cook University']
[u'jtWDsl8AAAAJ', 'Georg-August-University Gttingen']
[u'81yhGycAAAAJ', 'Finnish Game and Fisheries Research Institute']
[u'hrXdX94AAAAJ', 'Post-doc at the University of Cambridge']
[u'zO4hfH0AAAAJ', 'University of Wroclaw']
[u'StjmWrAAAAAJ', 'Universit Roma Tre']
[u'HIixsagAAAAJ', 'Researcher at the Institute of Marine Science (ICM-CSIC)']
[u'u1wayFYAAAAJ', 'Australian National University']
[u'i93C9x8AAAAJ', 'Palacky University']
[u'viy_8MgAAAAJ', 'Macquarie University']
[u'bIkhp6IAAAAJ', 'Johann Heinrich von Thnen Institut']
[u'CiOd1jcAAAAJ', 'University of Toronto']
[u'qUO7GYIAAAAJ', 'University of Buenos Aires']
[u'jBE72DQAAAAJ', 'Institute of Vertebrate Biology']
[u'VedbpwsAAAAJ', 'Lund University']
[u'gsyXAPMAAAAJ', 'Australian National University']
[u'ohMRgiQAAAAJ', 'University Pablo de Olavide']
[u'7bwcNZsAAAAJ', 'The University of Queensland']
[u'j90fSMEAAAAJ', 'University of Sussex']
[u'47RwH70AAAAJ', 'Tohoku University']
[u'GtIzgfYAAAAJ', 'Center for Ecological Research']
[u'Z576MxwAAAAJ', 'Universit di Bologna']
[u'H5JSOsQAAAAJ', 'Institute of Experimental Medicine-Hungarian Academy of Sciences']
[u'OgkkH9kAAAAJ', 'University of Warwick']
[u'IUwRss0AAAAJ', 'Sdertrn University']
[u'bnh7-cUAAAAJ', 'Queen Mary University of London']
[u'Po8oDU0AAAAJ', 'Macquarie University']
[u'8hq96XwAAAAJ', 'Queen Mary University of London']
[u'AC9i0U8AAAAJ', 'Loughborough University']
[u'PiXqVwEAAAAJ', 'University of Exeter']
[u'elXQvMgAAAAJ', 'University of Aberdeen']
[u'vzTK3lgAAAAJ', 'Marine Biological Association; University of Queensland']
[u'xn__fsUAAAAJ', 'Amsterdam Global Change Institute']
[u'edWA4osAAAAJ', 'University of Liverpool']
[u'-vyaqHwAAAAJ', 'University of Kent & Queen Mary University of London']
[u'2QVHtgUAAAAJ', 'Freie Universitt Berlin']
[u'86VvJu4AAAAJ', 'University of Saskatchewan']
[u'iBNCQNwAAAAJ', 'Center for tropical marine ecology']
[u'ErD7jHAAAAAJ', 'University of Saskatchewan']
[u'p9DYm-AAAAAJ', 'ICREA at CREAF  (Spain)/ University of Edinburgh (UK)']
[u'hEji2_wAAAAJ', 'Free University of Bolzano/Bozen']
[u'3a0PYeoAAAAJ', 'Pavia University']
[u'qqcm624AAAAJ', 'University of Padova']
[u'UIe6NOkAAAAJ', 'Obihiro University of Agriculture and Veterinary Medicine']
[u'TWvdwR8AAAAJ', 'Percy FitzPatrick Institute of African Ornithology']
[u'HiabEzEAAAAJ', 'University of Tartu']
[u'xSCIe5IAAAAJ', 'Simon Fraser Universtiy']
[u'aaABYLIAAAAJ', 'The Australian National University']
[u'H7xqOd0AAAAJ', 'University of Guelph']
[u'v6mI1wIAAAAJ', 'Bangalore University']
[u'IFLwGuwAAAAJ', 'James Cook University']
[u'IWGYo7cAAAAJ', 'Macquarie University']
[u'FfyNCvUAAAAJ', 'Postdoc Aarhus University']
[u'OQs3EMoAAAAJ', 'Memorial University of Newfoundland']
[u'Ff1J-qgAAAAJ', 'Naturalis Biodiversity Center']
[u'RkDvVv0AAAAJ', 'James Cook University']
[u'ONLhb18AAAAJ', 'Umea University']
[u'd2Mk3GIAAAAJ', 'Hedmark University College']
[u'fP6nZ8gAAAAJ', 'Massey University']
[u'XdYDHXMAAAAJ', 'University of Freiburg (Germany)']
[u'UKSRoX4AAAAJ', 'University of Melbourne']
[u'jNVIr6MAAAAJ', 'University of York']
[u'g4HiX80AAAAJ', "Institut de recherche sur la biologie de l'insecte"]
[u'gPUfUcoAAAAJ', 'Tel-Aviv University']
[u'IIugdFIAAAAJ', 'Northern Prairie Wildlife Research Center']
[u'rxvEwJIAAAAJ', 'Australian National University']
[u'syZcRdgAAAAJ', 'The University of Melbourne']
[u'_hEWUgQAAAAJ', 'International Institute of Tropical Forestry']
[u'Nfg82gMAAAAJ', 'University of Copenhagen']
[u'vQ5iqnUAAAAJ', 'The University of Melbourne']
[u'RjsFKYEAAAAJ', 'University of Edinburgh']
[u'zak-Y_8AAAAJ', 'The University of Western Australia']
[u'zdxUdaYAAAAJ', 'University of Copenhagen']
[u'bmbw64oAAAAJ', 'University of British Columbia']
[u'rJWzcmsAAAAJ', 'Arthur Rylah Institute for Environmental Research']
[u'bNddsMMAAAAJ', 'Cardiff University']
[u'g5G2KcMAAAAJ', 'University of Tbingen']
[u'ljM32CsAAAAJ', 'Adam Mickiewicz University']
[u'FrtSo64AAAAJ', 'Nicolaus Copernicus University']
[u'1sF6YvQAAAAJ', 'Museum and Institute of Zoology']
[u'bAkmrPsAAAAJ', 'CNR Institute of Ecosystem Study']
[u'hX0ZP4oAAAAJ', 'National Institute of Water and Atmospheric Research']
[u'17ZqIlsAAAAJ', 'Aarhus University']
[u'CTEjITcAAAAJ', 'The University of Newcastle']
[u'dec7t_cAAAAJ', 'University of Puerto Rico']
[u'OhoFKyoAAAAJ', 'Newcastle University']
[u'DyYwmuQAAAAJ', 'University of Alcal']
[u'aPytFkAAAAAJ', 'University of Alcal']
[u'saFkj6cAAAAJ', 'Visiting Professor Univ. Copenhagen (Denmark) and vora (Portugal)']
[u'ltgB1HkAAAAJ', 'Max Planck Institute for Ornithology']
[u'KUEECX4AAAAJ', 'St Andrews University']
[u'SGEOj94AAAAJ', 'Swansea University']
[u'scnnn1UAAAAJ', 'Masaryk University']
[u'OWX_2eAAAAAJ', 'Sao Paulo State University (UNESP)']
[u'NHDv_PoAAAAJ', 'University of New South Wales']
[u'SCI-eXEAAAAJ', 'Ben-Gurion University of the Negev']
[u'koWhmJoAAAAJ', 'Post-doctoral researcher - Aarhus University']
[u'p7Wi6OoAAAAJ', 'Radboud University Nijmegen']
[u'4CUsAj4AAAAJ', 'University of Auckland']
[u'tyxkZFUAAAAJ', 'Research Institute of Forest and Rangelands of iran(RIFR)']
[u'SerdxxgAAAAJ', 'Victoria University of Wellington']
[u'bZQEqRgAAAAJ', 'Universit de Lige']
[u'wKY7j5oAAAAJ', 'Sapienza University of Rome']
[u'uGbsqqwAAAAJ', 'University of Pretoria']
[u'6tDJUxsAAAAJ', 'James Cook University']
[u'OY_3j_UAAAAJ', 'University of Hong Kong']
[u'KVhG148AAAAJ', 'University of Sheffield']
[u'nzK2VbEAAAAJ', 'RIKEN Advanced Sciense Institute']
[u'O-eTCBsAAAAJ', 'PhD Student at University of Windsor']
[u'mk2IUq8AAAAJ', 'Tel Aviv University']
[u'wgS_TPMAAAAJ', 'Central Research Institute of Electric Power Industry']
[u'BGdRbs0AAAAJ', 'Wildlife Institute of India']
[u'riPeMJgAAAAJ', 'University of Sydney']
[u'ylnvJSAAAAAJ', 'Universiti Malaysia Sarawak']
[u'ubSL_PwAAAAJ', 'Universiti Malaysia Sarawak']
[u'o7neWV4AAAAJ', 'Lund University']
[u'idtUIq0AAAAJ', 'KTH-Royal Institute of Technology']
[u'AR1cSMkAAAAJ', 'Bangor University']
[u'NzJxPfoAAAAJ', 'University of Lausanne']
[u'4OCxLJYAAAAJ', 'Aarhus University']
[u'rDaVGSwAAAAJ', 'University of Toronto at Mississauga']
[u'CL9gzAkAAAAJ', 'Murmansk Marine biological Institute']
[u'gvR3C30AAAAJ', 'Trinity College Dublin']
[u'gu-DVNIAAAAJ', 'Institute of Zoology']
[u'XPhaHG4AAAAJ', 'University of British Columbia']
[u'mfZSOa8AAAAJ', 'Royal Ontario Museum and University of Toronto']
[u'Y8Ul2U4AAAAJ', 'Indian Institute of Science Education and Research']
[u'mDTBBEQAAAAJ', 'University of Glasgow']
[u'kJ8gI-AAAAAJ', 'Cary Institute of Ecosystem Studies']
[u'625f5a0AAAAJ', 'University of Pavia']
[u'TPY3-ccAAAAJ', 'Smithsonian Institution']
[u'FTpjJ1QAAAAJ', 'Simon Fraser University']
[u'V0Va0x4AAAAJ', 'University of Cambridge']
[u'ivMEcaEAAAAJ', 'University of Pretoria']
[u'Zy-4beoAAAAJ', 'Research Fellow at University of Technology Sydney']
[u'mQm9HX0AAAAJ', 'University of Bath']
[u'dvjvRegAAAAJ', 'Universit Laval']
[u'BqWeTl4AAAAJ', 'university of adelaide']
[u'pxRicUUAAAAJ', 'Wageningen University']
[u'sRpRbFsAAAAJ', 'Max Planck Institute for Ornithology']
[u'QbGGkIkAAAAJ', 'Univerrsity of Cyprus']
[u'oMQqihsAAAAJ', 'Zoological Institute RAS']
[u'ocw18ZIAAAAJ', 'Aarhus University']
[u'SRSKWQQAAAAJ', 'The University of Burdwan']
[u'r4V5hhoAAAAJ', 'The Hebrew University of Jerusalem']
[u'5gVCB5cAAAAJ', 'Institute of Landsape Ecology']
[u'LD7iUvQAAAAJ', 'Nagasaki University']
[u'rFkaTSIAAAAJ', 'Porto University']
[u'BqPO4lUAAAAJ', 'Trakia University']
[u'5gyq6DQAAAAJ', 'Physics Institute']
[u'wgJwUe0AAAAJ', 'Ben-Gurion University']
[u'SQ0sOlEAAAAJ', 'Adnan Menderes University']
[u'eZIjCc4AAAAJ', 'Aarhus University']
[u'hAPepaEAAAAJ', 'University of Bern']
[u'WUmTKVwAAAAJ', 'Zamorano University']
[u'NGCG1bMAAAAJ', 'University of Lausanne']
[u'xCJvbukAAAAJ', 'Professor of Conservation Biology @ University of Leuven']
[u'1DmAFZYAAAAJ', 'University of York']
[u'tyewHS0AAAAJ', 'University of Cambridge']
[u'cwuOd00AAAAJ', 'Institut de Recherche pour le Dveloppement (IRD-Mivegec)']
[u'C2nUPvIAAAAJ', 'Researcher @ Finnish Forest Research Institute']
[u'X-MpF9EAAAAJ', 'Swansea University']
[u'lDoG41MAAAAJ', 'University of Zurich']
[u'lkopQS4AAAAJ', 'University of Oxford']
[u'5hfa_UQAAAAJ', 'University of Bergen']
[u'9vfdzYEAAAAJ', 'UMR 5023 LEHNA Univ LYON 1']
[u'QXmykrAAAAAJ', 'University of Jyvskyl']
[u'HGaDzfIAAAAJ', 'Ricercatore di ecologia Universit di Palermo']
[u'TsNq6RsAAAAJ', 'University of Milano-Bicocca']
[u'QyOlkoIAAAAJ', 'University of Nice']
[u'Vvzg9B0AAAAJ', 'G. B. Pant Institute of Himalayan Environment & Development']
[u'Z4UQEA0AAAAJ', 'Carl von Ossietzky University']
[u'5Rst2HMAAAAJ', 'University of Glasgow']
[u'sdgMWGcAAAAJ', 'Nice University (France)']
[u'xRqmEI0AAAAJ', 'Smithsonian Tropical Research Institute & Wageningen University']
[u'zFrf8QkAAAAJ', 'McGill University']
[u'YI8LGpwAAAAJ', 'University of Sheffield']
[u'a8pfjUAAAAAJ', 'Macquarie University']
[u'OVvCTL0AAAAJ', 'University of Edinburgh']
[u'cGl6FhoAAAAJ', 'Trent University']
[u'NdV4X_wAAAAJ', 'Northwest Fisheries Science Center']
[u'W7yjmAkAAAAJ', 'National Evolutionary Synthesis Center']
[u'6YQPiSwAAAAJ', 'University of Aberdeen']
[u'RSr_6ikAAAAJ', 'James Cook University']
[u'3YGltkYAAAAJ', 'University of Murcia (Spain)']
[u'sMGojH8AAAAJ', 'University of Western Sydney']
[u'wLLIADIAAAAJ', 'Botanical Garden-Institute']
[u'iDwZ_HwAAAAJ', 'University of Cambridge']
[u'H_I9u74AAAAJ', 'Aarhus University (Denmark)']
[u'6xecf34AAAAJ', 'EDP Biodiversity Chair at CIBIO - University of Porto']
[u'WyB_hggAAAAJ', 'University of Helsinki']
[u'x6pAv9wAAAAJ', 'Algoma University']
[u'casYrysAAAAJ', 'jahrom university of medical science']
[u'JU0PzN8AAAAJ', 'NSS College Manjeri / Wildlife Research & Conservation Trust']
[u'SY1TEH8AAAAJ', 'University of Plymouth']
[u's4MqML0AAAAJ', 'Palacky University and Museum of Natural History']
[u'T2whZaAAAAAJ', 'Georg-August University']
[u'f5Kbyr8AAAAJ', 'University of Kent']
[u'zx76a1gAAAAJ', 'Wageningen University']
[u'dIgLLmoAAAAJ', 'University of Helsinki']
[u'jQWLKX8AAAAJ', 'Visual Life Web (Current) (Past: University of California']
[u'xTUJhEgAAAAJ', 'Macquarie University']
[u'BDxQ5soAAAAJ', 'Pisces Conservation Ltd. University of Oxford']
[u'sVTxhL0AAAAJ', 'University of Groningen']
[u'2jK1fL4AAAAJ', 'Mammal Research Institute']
[u'HzxweY4AAAAJ', 'Blue World Institute of Marine Research and Conservation']
[u'cs18AKIAAAAJ', 'Aarhus University']
[u'WRCodbIAAAAJ', 'University of Ostrava']
[u'N1km8gcAAAAJ', 'Research Institute of Wildlife Ecology']
[u'7NJJoCkAAAAJ', 'Universit Libre de Bruxelles']
[u'9yLUxZsAAAAJ', 'Victoria University of Wellington']
[u'NFJ6KnMAAAAJ', 'Durham University']
[u'5Kv85Z0AAAAJ', 'University of Exeter Medical School']
[u'mleK4KIAAAAJ', 'University of Oxford']
[u'uq7PKUAAAAAJ', 'Universit du Qubec']
[u'n9puNjcAAAAJ', 'Postdoctoral Researcher - University of Rennes 1']
[u'9T8tej8AAAAJ', 'University of Nijmegen']
[u'GdjItf4AAAAJ', 'The Hong Kong Polytechnic University']
[u'xzqQepMAAAAJ', 'Univeristy of Wollongong']
[u'pntBpSwAAAAJ', 'University of Trieste']
[u'27GbP4QAAAAJ', 'Institute of Social and Preventive Medicine']
[u'_m0KCQwAAAAJ', 'James Cook University']
[u'vTjVeYkAAAAJ', 'Wageningen University']
[u'ZecJEGwAAAAJ', 'University of Western Australia']
[u'mPabKT8AAAAJ', 'Universit della Calabria']
[u'zi3Cb8gAAAAJ', 'University of Murcia']
[u'lO7ppn8AAAAJ', 'PhD Eng.  Silesian University of Technology']
[u'TS0YEUQAAAAJ', '(1) Institute of Environmental Sciences']
[u'4Sdx4CEAAAAJ', 'G.B. Pant Institute of Himalayan Environment and Development']
[u'IYEZHSoAAAAJ', 'universita calabria']
[u'bdiCVUQAAAAJ', 'Bournemouth University']
[u'ACE29vIAAAAJ', 'Institute of Zoology']
[u'BXz642EAAAAJ', 'Defence Institute of High Altitude Research']
[u'9gPKUvAAAAAJ', 'Aarhus University']
[u'7Ho67CEAAAAJ', 'Institute of protection']
[u'6Rb86F0AAAAJ', 'Sokoine University of Agriculture (SUA)']
[u'scYRawoAAAAJ', 'National Chung Hsing University']
[u'4KvWz1kAAAAJ', 'Wageningen university']
[u'p3Spi_UAAAAJ', 'Scripps Institution of Oceanography']
[u'_AsL05oAAAAJ', 'University of Regina']
[u'YJ5VszoAAAAJ', 'Flinders University']
[u'nIYpjooAAAAJ', 'Institute of Zoology']
[u'EZdjfbYAAAAJ', 'University of Basel']
[u'q1q96y4AAAAJ', 'University of Leuven']
[u'Nc5x9bkAAAAJ', 'University of Navarra']
[u'98lIInkAAAAJ', 'Cordoba University']
[u'3PA3j6kAAAAJ', 'Adam Mickiewicz University']
[u'pRmY26gAAAAJ', 'Universiti Brunei Darussalam']
[u'jvsdlkIAAAAJ', 'Missouri Botanical Garden - William L. Brown Center']
[u'oIdZgDUAAAAJ', 'University of Jaffna']
[u'9QnxJWIAAAAJ', 'MLN College']
[u'b4mYJr0AAAAJ', 'University Koblenz-Landau']
[u'AZoQ20oAAAAJ', 'NASA Ames Research Center']
[u'TpoqdmIAAAAJ', 'The Hebrew University of Jerusalem']
[u'wWE0QR8AAAAJ', 'Univ. Copenhagen']
[u'Fi8iz7cAAAAJ', 'Sultan Qaboos University; University of Florida']
[u'2N9qUJIAAAAJ', 'Aarhus University']
[u'uh0O8qcAAAAJ', 'Last position: Postdoc fellow University of Tuebingen']
[u'v28U3fEAAAAJ', 'University of British Columbia']
[u'vJOYrwsAAAAJ', 'University of British Columbia']
[u'4YnhTDsAAAAJ', 'University of British Columbia']
[u'QgWS5lQAAAAJ', 'University of Melbourne']
[u'RkgQvSYAAAAJ', 'Institute for Theoretical Physics (IFT)']
[u'y-2QE0AAAAAJ', "Universit d'Avignon et des pays du Vaucluse   UMR CNRS 7263 / IRD 237 Institut Mditerranen de Biodive"]
[u'6KgnbqgAAAAJ', 'Maricopa University']
[u'WGQtl3gAAAAJ', 'University of Birmingham']
[u'JYRMtxUAAAAJ', 'James Cook University']
[u'FW3U16QAAAAJ', 'CNRS Perpignan University']
[u'oBTcle8AAAAJ', 'University of vora']
[u'bZkDsqEAAAAJ', 'Institute of Evolutionary Biology']
[u'zOvjS3EAAAAJ', 'and Biogeography in Federal University of So Paulo (UNIFESP)']
[u'x-5yrq4AAAAJ', 'University of the Azores-DOP']
[u'sD4xK-cAAAAJ', 'Post-doc researcher at the Campinas State University']
[u'L4-RcxYAAAAJ', 'Swedish University of Agricultural Sciences']
[u'Yio2X7kAAAAJ', 'Universit di Palermo']
[u'HdZX5qUAAAAJ', 'USGS Patuxent Wildlife Research Center']
[u'8dIJBkYAAAAJ', 'Center for Tropical Forest Science']
[u'3KN99sYAAAAJ', 'University of Exeter']
[u'm7Z1yI0AAAAJ', 'University of Western Australia']
[u'AcCy8GEAAAAJ', 'Federal University of Alagoas']
[u'AOwgBhEAAAAJ', 'Smithsonian Institution']
[u'ZMHzX5wAAAAJ', 'University of York']
[u'w_lm_toAAAAJ', 'Uppsala University & Institute for Futures Studies']
[u'oKMy1AcAAAAJ', 'Smithsonian Institution']
[u'ZaFmHTQAAAAJ', 'Cary Institute of Ecosystem Studies']
[u'lc5qpkUAAAAJ', 'University of Sydney']
[u'0ZR_yV8AAAAJ', 'VU University Faculty of Life and Earth Sciences Systems Ecology']
[u'mMriBwgAAAAJ', 'Wageningen University']
[u'7YCXAQQAAAAJ', 'University of Oulu']
[u'4uTfgGIAAAAJ', 'Memorial University of Newfoundland']
[u'm8POyrgAAAAJ', 'Queen Mary University of London']
[u'bgMIMNIAAAAJ', 'Max Planck Institute for Demographic Research']
[u'w36MgSIAAAAJ', 'Associate professor Environmental Science at Radboud University Nijmegen']
[u'Slto_gcAAAAJ', 'Leibniz-Institute of Freshwater Ecology and Inland Fisheries and Humboldt-Universitt zu Berlin']
[u'Gi3ikZoAAAAJ', 'The University of New South Wales']
[u'EQ-mkaAAAAAJ', 'Australian National University']
[u'Mjv8zisAAAAJ', 'Research Associate FitzPatrick Institute and Avian Biodiversity consultant']
[u'VR3VieEAAAAJ', 'University of Turku']
[u'-Bv-qPwAAAAJ', 'University of Lethbridge']
[u'vJhM_7wAAAAJ', 'Environmental Decisions Group at University of Queensland']
[u'YN9y1YoAAAAJ', 'PhD Student University of Alberta and Researcher']
[u'0UDnavUAAAAJ', 'Institute of Entomology']
[u'gOKB1xYAAAAJ', 'University of Exeter']
[u'BOIhQGgAAAAJ', 'Institute for Theoretical Physics - So Paulo State University']
[u'0yBmy5YAAAAJ', 'University of Viterbo']
[u'PzziREkAAAAJ', 'Universities of Chile and Concepcion']
[u'66RSKVsAAAAJ', 'University of British Columbia']
[u'demlf7tnMZ4C', 'PhD student at University of So Paulo']
[u'faBe6nsAAAAJ', 'Universit Pierre et Marie Curie - Sorbonne Universits (Paris']
[u'7rO5ZFQAAAAJ', 'University of Sussex']
[u'bBNeU2UAAAAJ', 'University of Debrecen']
[u'xlWk6LYAAAAJ', 'Ume University']
[u'BPuG9UUAAAAJ', 'University of Minho']
[u'rVasNuYAAAAJ', 'University of Cambridge']
[u'v-4ccMEAAAAJ', 'University of Groningen']
[u'X-JyQfoAAAAJ', 'Aarhus University']
[u'SgyPIRYAAAAJ', 'University of Oxford']
[u'jKsQIqgAAAAJ', 'University of Malaya']
[u'jKsQIqgAAAAJ', 'University of Malaya']
[u'Rb_fJ7oAAAAJ', 'James Cook University']
[u'yzuT2YYAAAAJ', 'University of Glasgow']
[u'iGdkNa4AAAAJ', 'National Institute of Agro-Environmental Sciences']
[u'Wm3QYP0AAAAJ', 'Percy FitzPatrick Institute of African Ornithology']
[u'AFmd0WAAAAAJ', 'Queen Mary University of London']
[u'UCbc-tAAAAAJ', 'Postdoctoral Research (University of Lige)']
[u'lyTyrMwAAAAJ', 'University of Bielefeld']
[u'1ZuEp0oAAAAJ', 'University of Glasgow']
[u'jkZbMdUAAAAJ', 'Aberystwyth University UK']
[u'spXDkzIAAAAJ', 'Elphinstone College.']
[u'GU6p2KoAAAAJ', 'University of Toronto']
[u'Nkd9JAsAAAAJ', 'University of Fribourg']
[u'vCTKoIsAAAAJ', 'National Institute for Mathematical and Biological Synthesis']
[u'h1qb6JQAAAAJ', 'University of Guelph']
[u'h1qb6JQAAAAJ', 'University of Guelph']
[u'poZNEy0AAAAJ', 'Florida Fish & Wildlife Research Institute']
[u'0_00imkAAAAJ', 'National Institute of Advanced Industrial Science and Technology (AIST)']
[u'CJqMkO4AAAAJ', 'Seikai National Fisheries Research Institute']
[u'KYxM_1oAAAAJ', 'Jagiellonian University']
[u'zay792QAAAAJ', 'Atmosphere and Ocean Research Institure']
[u'icJpxpMAAAAJ', 'Smithsonian Tropical Research Institute']
[u'16HX3NgAAAAJ', 'University of Pune']
[u'Sfr7l7EAAAAJ', 'University of Agriculture']
[u'bawLZ2wAAAAJ', 'James Cook University']
[u'bawLZ2wAAAAJ', 'James Cook University']
[u'XLsqZ1YAAAAJ', 'Monash University']
[u'diKw3rQAAAAJ', 'Universiti Sains Malaysia']
[u'Jwn8CPEAAAAJ', 'Aveiro University']
[u'n-UzKNUAAAAJ', 'Durham University']
[u'H3erAbsAAAAJ', 'University of Zurich']
[u'NciEviYAAAAJ', 'Imperial College London']
[u'azykwqUAAAAJ', 'Smithsonian Conservation Biology Institute']
[u'IkPd5XYAAAAJ', 'Indian Institute of Science Education and Research (IISER) Mohali']
[u'CIgmEdkAAAAJ', 'University of Toronto']
[u'Y-7BvQ8AAAAJ', 'University of Leeds']
[u'hgvF1hYAAAAJ', 'Post doc at the University of Turku']
[u'QlEwuLcAAAAJ', 'University of St. Andrews']
[u'6L7ykH4AAAAJ', 'Patuxent Wildlife Research Center']
[u'wiRHmC0AAAAJ', 'Imperial College London']
[u'uL3p-xkAAAAJ', 'Philipps University Marburg']
[u'3ymp2eUAAAAJ', 'Hokkaido Univ.']
[u'X4L0GokAAAAJ', 'Simon Fraser University']
[u'UsNkQ3wAAAAJ', 'UWA Oceans Institute & School of Plant Biology']
[u'YGhPb0TXLd0C', 'Smithsonian Institution']
[u'LnZQxfEAAAAJ', 'Smithsonian Institution']
[u'2EhGhvQAAAAJ', 'Northeast Fisheries Science Center']
[u'uxgjVJAAAAAJ', 'Postdoctoral Research Fellow - Smithsonian Migratory Bird Center']
[u'IoWJUWMAAAAJ', 'James Cook University']
[u'zW0U_g8AAAAJ', 'University of Bristol']
[u'KcQTcpYAAAAJ', 'University of Bern']
[u'm7-QukUAAAAJ', 'University of Leicester']
[u'3TuWI_0AAAAJ', 'Klaipeda Univeristy']
[u's3xmGckAAAAJ', 'University of Lausanne']
[u'cq3nq8cAAAAJ', 'Universiti Sains Malaysia']
[u'cq3nq8cAAAAJ', 'Universiti Sains Malaysia']
[u'OUdB5tgAAAAJ', 'Tel Aviv University']
[u'uWWZ4CAAAAAJ', 'Victoria University of Wellington']
[u'sRVbld4AAAAJ', 'University of Toronto Mississauga']
[u'-Kbx7ogAAAAJ', 'Peking University']
[u'29s7evkAAAAJ', 'Center for Scientific Research and Higher Education of Ensenada']
[u'Wyr_jtwAAAAJ', 'Hebrew University of Jerusalem']
[u'gXBATE4AAAAJ', 'University of Glasgow']
[u'woWX2tAAAAAJ', 'The University of Western Australia']
[u'Qs8S32YAAAAJ', 'Memorial University']
[u'PblUt0MAAAAJ', 'University of Sydney']
[u'YlrAPFIAAAAJ', 'University of Otago']
[u'KL-H9JMAAAAJ', 'University of the Ryukyus']
[u'9-pCZzcAAAAJ', 'University of Otago']
[u'0Oc-LUkAAAAJ', 'National Institute of Environmental Studies']
[u'Tv1srcUAAAAJ', 'Ishikawa Prefectural University']
[u'8-TI8S4AAAAJ', 'Institutes for Advanced Interdisciplinary Research']
[u'6vQ_7H8AAAAJ', 'Post Doc of Swiss Federal Research Institute WSL']
[u'JWZDTikAAAAJ', 'Macquarie University']
[u'yr1mYogAAAAJ', 'Uppsala University']
[u'lScymIEAAAAJ', 'Flinders University']
[u'_pKjT9sAAAAJ', 'Charles Sturt University']
[u'EskiIyEAAAAJ', 'University of Bath']
[u'rEs9B08AAAAJ', 'Universit del Salento']
[u'yIT5CGwAAAAJ', 'University of Hamburg']
[u'5BiYZXQAAAAJ', 'Tethys Research Institute']
[u'debN35MAAAAJ', 'University of Salento']
[u'0VkApQ0AAAAJ', 'University of Oxford']
[u'silGK-8AAAAJ', 'University of Patras']
[u'aVJdzgMAAAAJ', 'Universiti Malaysia Sarawak']
[u's8KxrbMAAAAJ', 'University of Wollongong']
[u'JagA78AAAAAJ', 'Nagasaki University']
[u'dtVsa6IAAAAJ', 'Professor Department of Aquaculture and Fish Biology Hlar University College']
[u'mLCWV7cAAAAJ', 'University of KwaZulu-Natal']
[u'GcB8IdQAAAAJ', 'Skvde University']
[u'GVMk0kAAAAAJ', 'University of Turku']
[u'nN2o8DgAAAAJ', 'Stockholm University']
[u'R1p89zkAAAAJ', 'Indian Institute of Remote Sensing']
[u'6leHVUEAAAAJ', 'University of Salento']
[u'gES66TwAAAAJ', 'James Cook University']
[u'QzjkIYgAAAAJ', 'Postdoc Max Planck Institute of Solar System Research']
[u'7LjJOR8AAAAJ', 'Marche Polytechnic University']
[u'OErHEsUAAAAJ', 'University of Exeter']
[u'NcluWm8AAAAJ', "Universit Ca' Foscari Venezia- Dipartimento di Scienze Ambientali"]
[u'3J6OZ9sAAAAJ', 'University of Salford']
[u'2TioH8IAAAAJ', 'University of Florence']
[u'pbVsZHIAAAAJ', 'Universit del Salento']
[u'5hbg35wAAAAJ', 'University of Genoa']
[u'BNwYlWgAAAAJ', 'University of Thessaly']
[u'TnURhMoAAAAJ', 'University of Gttingen']
[u'eAHAFmgAAAAJ', 'Murdoch University']
[u'_-O86CEAAAAJ', 'University of Alberta']
[u'BSm6BH0AAAAJ', 'Macquarie University']
[u'XvzO488AAAAJ', 'Marine Resources Research Institute']
[u'ghwK4nQAAAAJ', 'Durham University']
[u'bQvw1b0AAAAJ', 'University of Calgary']
[u'ax6--CsAAAAJ', 'University of Alberta']
[u'WnKu5MkAAAAJ', 'University of New South Wales']
[u'LV7qDkAAAAAJ', 'Universit Laval']
[u'NGPGek4AAAAJ', 'Universit de Montral']
[u'rVwrN44AAAAJ', 'University of the Pacific; Research Associate in Herpetology']
[u'ZGcPH-MAAAAJ', 'University of KwaZulu-Natal']
[u'BPYHzYQAAAAJ', 'University of London and Royal Botanic Gardens']
[u'BNmAuswAAAAJ', 'University of New South Wales']
[u'CAlipoMAAAAJ', 'Carleton University']
[u'uxUHGEEAAAAJ', 'University of Calgary']
[u'Tc4WxcsAAAAJ', 'James Cook University']
[u'1mUdFY4AAAAJ', 'Cary Institute of Ecosystem Studies']
[u'IIsCR74AAAAJ', 'Edith Cowan University']
[u'NsdPCvgAAAAJ', 'Stockholm University']
[u'f1Z3YxYAAAAJ', 'Director York Environmental Sustainability Institute']
[u'u-Mp2skAAAAJ', 'Sardar Patel University']
[u'JI-egoQAAAAJ', 'University of Glasgow']
[u'_bCapkwAAAAJ', 'Carleton University']
[u'Knzvf30AAAAJ', 'Percy FitzPatrick Institute of African Ornithology']
[u'BgBmEXgAAAAJ', 'University of Coimbra']
[u'zZ2L5KwAAAAJ', 'Johannes Gutenberg University Mainz']
[u'w8lSX_4AAAAJ', 'University of Manchester']
[u'UP6JgVoAAAAJ', 'Norwegian Institute for Nature Research']
[u'zUmaRTYAAAAJ', 'University of Fribourg']
[u'Nl5G3f4AAAAJ', 'Institute of Environmental Sciences']
[u'UKkJCvsAAAAJ', 'Institute of Nature Conservation']
[u'eg7JOSkAAAAJ', 'Wageningen University']
[u'hKmpu-EAAAAJ', 'University of the Aegean']
[u'kWkeHOEAAAAJ', 'University of Puerto Rico']
[u'IX70i1EAAAAJ', 'Institute of Nature Conservation']
[u'IYczilIAAAAJ', 'Monterey Bay Aquarium Research Institute']
[u'fOxx5ngAAAAJ', 'Institute of Oceanography']
[u'9evln6YAAAAJ', 'University of Tokyo']
[u'ZTr3eEEAAAAJ', 'Chiba University']
[u'jF3zgI8AAAAJ', 'Nagasaki University']
[u'Pa0iUlAAAAAJ', 'Assistant Professor of The Hakubi Center for Advanced Research']
[u'm6rhkNQAAAAJ', 'University of Guelph']
[u'2iBXvnsAAAAJ', 'Dalhousie University']
[u'jS-xGhAAAAAJ', 'Hungarian Academy of Science & Etvs University']
[u'LliEUY0AAAAJ', 'University of Sydney']
[u'su9e6OEAAAAJ', 'James Cook University']
[u'1BHUYOkAAAAJ', 'University of Jyvaskyla']
[u'lmYbEZEAAAAJ', 'Soka University']
[u'fDUWjCgAAAAJ', 'University of Cambridge']
[u'ILPDUb8AAAAJ', 'University of Tsukuba']
[u'CCnUeN8AAAAJ', 'Gund Institute']
[u'M4xPtJIAAAAJ', 'University of New South Wales']
[u'jJflDTsAAAAJ', 'Hiroshima University']
[u'QOWcMFoAAAAJ', 'University of Leeds']
[u'QnKKvJMAAAAJ', 'National University of Singapore']
[u'EHbuZpYAAAAJ', 'Federal University of Gois']
[u'RPl0E24AAAAJ', 'University of Exeter']
[u'I18b4BYAAAAJ', 'University of Southampton']
[u'Ft6QwaoAAAAJ', 'Carleton University']
[u'u7eviPQAAAAJ', 'University of Wrzburg']
[u'bieysOkAAAAJ', 'Anglia Ruskin University']
[u'Wc0rVdcAAAAJ', 'Lund University']
[u'0g2z34EAAAAJ', 'J. David Gladstone Institutes']
[u'SyYAMWEAAAAJ', 'University of Sheffield']
[u'tIiWkK4AAAAJ', 'Great Lakes Fishery Commission and Michigan State University']
[u'7sqqxnwAAAAJ', 'NOAA Northwest Fisheries Science Center']
[u'wi0rpUwAAAAJ', 'Leiden University']
[u'sINJAs8AAAAJ', 'University of York']
[u'ZBiEnkoAAAAJ', 'Sao Paulo State University (UNESP)']
[u'KhhU4TMAAAAJ', 'Ovidius University Constanta']
[u'y1FnAKQAAAAJ', 'Etvs Lorand University']
[u'UNPBhpgAAAAJ', 'Roskilde University']
[u'EzBhFB8AAAAJ', 'Imperial College London']
[u'hVm8yikAAAAJ', 'University of Melbourne']
[u'GVAIS9IAAAAJ', 'University of Bristol']
[u'j7NM59IAAAAJ', 'Percy FitzPatrick Institute - University of Cape Town']
[u'B-_yE1YAAAAJ', 'University of Hong Kong']
[u't5ejelMAAAAJ', 'University of Southampton']
[u'NvIGgwwAAAAJ', 'TINRO-Center']
[u'p94UE2IAAAAJ', 'Universitt Mainz']
[u'OujMdHkAAAAJ', 'Institute of Landscape Ecology and Resource Management']
[u'S6yWYosAAAAJ', 'University of East Anglia']
[u'PbVXhlIAAAAJ', 'University of Adelaide']
[u'BcAg54MAAAAJ', 'University of Buenos Aires']
[u'KMxPmkEAAAAJ', 'James Cook University']
[u'W6TB-BUAAAAJ', 'Percy FitzPatrick Institute of African Ornithology']
[u'z2Way98AAAAJ', 'Oxford University']
[u'xWhXLKIAAAAJ', 'Charles University in Prague']
[u'73j3lmgAAAAJ', 'Institute for Biology']
[u'T0MNJGgAAAAJ', 'Palacky University']
[u'6OASzzMAAAAJ', 'University of Ljubljana']
[u'5fY0Y6oAAAAJ', 'University of Regensburg']
[u'QLLdMBIAAAAJ', 'Port and Airport Research Institute']
[u'_IexFR8AAAAJ', 'Massey University']
[u'ybNlfD4AAAAJ', 'University of Turku (Finland)']
[u'i0MgN2EAAAAJ', 'Smithsonian Institution']
[u'SwDIb08AAAAJ', 'Lund University']
[u'QZldOkYAAAAJ', 'Norwegian Institute for Nature Research']
[u'PZF8MtMAAAAJ', 'University of Melbourne']
[u'HgHtyFIAAAAJ', 'University of British Columbia']
[u'XCWmQ6gAAAAJ', 'University of Windsor']
[u'd7ckencAAAAJ', 'University of Pretoria']
[u'jVK_50AAAAAJ', 'Institute of Geology']
[u'GyfslOUAAAAJ', 'Wilfrid Laurier University']
[u'Bky6h2cAAAAJ', 'Tartu University']
[u'wBRnfQ0AAAAJ', 'Middle East Technical University']
[u'T7e0uSQAAAAJ', 'University of Oslo']
[u'fBlZwFUAAAAJ', 'Universitt Hamburg']
[u'EJI5m0sAAAAJ', 'Institut de Recherche pour le Developpement']
[u'KhOw3nIAAAAJ', 'Ghent University']
[u'7TEruEkAAAAJ', 'Universit Catholique de Louvain']
[u'BcVGGQ4AAAAJ', 'Universit di Siena']
[u'rn0rENoAAAAJ', 'Federal University of Alagoas']
[u'nWfElQsAAAAJ', 'Memorial Sloan-Kettering Cancer Center']
[u'OyEbEDYAAAAJ', 'College of Forestry']
[u'cXjz4fIAAAAJ', 'Universit de Brest']
[u'-GmHH6cAAAAJ', 'University of Bergen']
[u'YLmBTT0AAAAJ', 'University of Pannonia']
[u'imC4WPsAAAAJ', 'UNESP - Univ Estadual Paulista']
[u'vFjqvIwAAAAJ', 'Stavropol Plague Control Research Institute']
[u'QxDBIqwAAAAJ', 'Palacky University in Olomouc']
[u'3hYfYygAAAAJ', 'Biology Center at Ceske Budejovice']
[u'ALWdHlEAAAAJ', 'University of Turku']
[u'0jlGnogAAAAJ', 'Czech Academy of Sciences & Univ. of South Bohemia']
[u'EPURlB8AAAAJ', 'Istanbul University']
[u'VLsLeIwAAAAJ', 'Helmholtz Center for Environmental Research - UFZ']
[u'LlB_xDMAAAAJ', 'Kumaun University(1980-1989)']
[u'v85IXUMAAAAJ', 'Smithsonian Institution']
[u'bpMWH24AAAAJ', 'Smithsonian Institution']
[u'qAH6RIMAAAAJ', 'Smithsonian Institution']
[u'q-MyazoAAAAJ', 'University of Quebec at Montreal']
[u'jJVxkl0AAAAJ', 'Simon Fraser University']
[u'P8o1o3MAAAAJ', 'Nicolaus Copernicus University Toru']
[u'bIDJUzAAAAAJ', 'University of Puerto Rico']
[u'sFrh6ycAAAAJ', 'University of St Andrews']
[u'6jtxReMAAAAJ', 'Imperial College London']
[u'p4xPms4AAAAJ', 'USGS Patuxent Wildlife Research Center']
[u'4bx7j7sAAAAJ', 'Smithsonian Institution']
[u'SfWToWoAAAAJ', 'James Cook University']
[u'34tjQjEAAAAJ', 'Cary Institute of Ecosystem Studies']
[u'kgytuo0AAAAJ', 'University of Melbourne']
[u'p1rT1QQAAAAJ', 'University of Glasgow']
[u'NikWl-MAAAAJ', 'University of Bern']
[u'lgm0hqIAAAAJ', 'Wageningen UR / Radboud University Nijmegen']
[u'X419fPAAAAAJ', 'Aarhus University']
[u'20oOZCgAAAAJ', 'Professor and Chair of the Department Molecular Systems Biology at the University of Vienna']
[u'KaOFSVcAAAAJ', 'Ph.D. student at College of Life Sciences']
[u'oKP-T74AAAAJ', 'University of Portsmouth and University of Alaska Fairbanks']
[u'X0L53S4AAAAJ', 'Laboratoire ThMA UMR 6049 CNRS - Universit de Franche-Comt']
[u'gXVSxRcAAAAJ', 'University of Aberdeen']
[u'4YpbZs4AAAAJ', 'Postdoc Uppsala University']
[u'CiZeoPQAAAAJ', 'University of Manchester']
[u'MooU9YIAAAAJ', 'University of Puerto Rico']
[u'kKy7joYAAAAJ', 'University of Gttingen']
[u'Y4LhIRkAAAAJ', 'Universiti Putra Malaysia']
[u'NmbFM6sAAAAJ', 'Hokkaido University']
[u'72fIiRsAAAAJ', 'Lab. Ecology & Systematics Faculty of Science University of the Ryukyus']
[u'YP_hcWwAAAAJ', 'National University of Singapore']
[u'-PbG6EEAAAAJ', 'Forest Research Institute Malaysia']
[u'qY6KJI4AAAAJ', 'Kyushu University']
[u'kzT-UdoAAAAJ', 'Aarhus University']
[u'y-J_isgAAAAJ', 'Hokkaido University']
[u'n6xgxgEAAAAJ', 'Ben Gurion University']
[u'1f6Py1AAAAAJ', 'Centers for Disease Control and Prevention']
[u'Vt-y5xcAAAAJ', 'National Institute for Agro-Environmental Sciences']
[u'_5CScaYAAAAJ', 'Seoul National University']
[u'UvHrbWQAAAAJ', 'Universit Libre de Bruxelles']
[u'l41MZb0AAAAJ', 'University of Queensland']
[u'R9sCM7IAAAAJ', 'Ilia State University']
[u'0pRvHzQAAAAJ', 'University of Jyvskyl']
[u'y_GjvGoAAAAJ', 'Ilia State University. Tbilisi']
[u'5SRTuN8AAAAJ', 'Wageningen University']
[u'aU3Ag4MAAAAJ', 'University of Copenhagen']
[u'Wea13k8AAAAJ', 'Guangxi Teachers Education University']
[u'ukRrqKEAAAAJ', 'University of Debrecen']
[u'6ORJhioAAAAJ', 'Institute of Ecology']
